"Code","Symbol","Industry","Board"
"HOU.TO","HORIZ BP NYMEX TU-A","Unknown","Toronto"
"XIU.TO","ISHARES CDN S&P/TSX","Unknown","Toronto"
"BBD-B.TO","BOMBARDIER INC -B-","Unknown","Toronto"
"FCR-DBB.TO","5.5 FST17SCVDEBUS-A","Unknown","Toronto"
"RDV.TO","REDCORP VENTURES","Unknown","Toronto"
"TCK-B.TO","TECK COMINCO -B","Unknown","Toronto"
"MFC.TO","MANULIFE FINANCIAL","Unknown","Toronto"
"YRI.TO","YAMANA GOLD","Unknown","Toronto"
"UUU.TO","URANIUM ONE","Unknown","Toronto"
"RY.TO","ROYAL BANK CANADA","Unknown","Toronto"
"ELR.TO","EASTERN PLATINUM","Unknown","Toronto"
"K.TO","KINROSS GOLD","Unknown","Toronto"
"SXR.TO","URANIUM ONE","Unknown","Toronto"
"TLM.TO","TALISMAN ENERGY","Unknown","Toronto"
"IMG.TO","IAMGOLD","Unknown","Toronto"
"HGU.TO","HOR BETAPRO TU-A","Unknown","Toronto"
"EQN.TO","EQUINOX MINERALS","Unknown","Toronto"
"G.TO","GOLDCORP","Unknown","Toronto"
"ELD.TO","ELDORADO GOLD","Unknown","Toronto"
"BMO.TO","BK OF MONTREAL","Unknown","Toronto"
"TD.TO","TORONTO DOMINION BK","Unknown","Toronto"
"BCE.TO","BCE","Unknown","Toronto"
"HXU.TO","HOR BETAPRO-TU-A","Unknown","Toronto"
"UTS.TO","UTS ENERGY","Unknown","Toronto"
"BNS.TO","BK OF NOVA SCOTIA","Unknown","Toronto"
"HFU.TO","HOR BETAPRO TU-A","Unknown","Toronto"
"HEU.TO","HOR BETAPRO-TU-A","Unknown","Toronto"
"LUN.TO","LUNDIN MINING","Unknown","Toronto"
"TSK.TO","TUSK ENERGY","Unknown","Toronto"
"NXY.TO","NEXEN","Unknown","Toronto"
"SLW.TO","SILVER WHEATON","Unknown","Toronto"
"YLO-UN.TO","YELLOW PAGES TU","Unknown","Toronto"
"CNQ.TO","CDN NATURAL RES","Unknown","Toronto"
"CCO.TO","CAMECO","Unknown","Toronto"
"OSK.TO","OSISKO MINING","Unknown","Toronto"
"ECA.TO","ENCANA","Unknown","Toronto"
"BN.TO","BLUE NOTE MINING","Unknown","Toronto"
"SLF.TO","SUN LIFE FINANCIAL","Unknown","Toronto"
"COS-UN.TO","CDN OIL TRUST UTS","Unknown","Toronto"
"HNU.TO","HORIZ BP NYMEX TU-A","Unknown","Toronto"
"POW.TO","POWER CORP CDA SV","Unknown","Toronto"
"CM.TO","CDN IMPERIAL BANK","Unknown","Toronto"
"NGD.TO","NEW GOLD","Unknown","Toronto"
"RBI.TO","RED BACK MINING","Unknown","Toronto"
"BNK.TO","BANKERS PETROLEUM","Unknown","Toronto"
"XFN.TO","ISHARES CAP FINANCL","Unknown","Toronto"
"PD-UN.TO","PRECISION DRILL","Unknown","Toronto"
"HGD.TO","HOR BETAPRO TU-A","Unknown","Toronto"
"RIM.TO","RESEARCH MOTION","Unknown","Toronto"
"RCI-B.TO","ROGERS COMM -B-","Unknown","Toronto"
"PCA.TO","PETRO-CANADA","Unknown","Toronto"
"IVN.TO","IVANHOE MINES","Unknown","Toronto"
"HEG.TO","HOMELAND ENERGY","Unknown","Toronto"
"HOD.TO","HORIZ BP NYMEX TU-A","Unknown","Toronto"
"IIC.TO","ING CANADA LTD VTG","Unknown","Toronto"
"S.TO","SHERRITT INTL","Unknown","Toronto"
"OPC.TO","OPTI CANADA","Unknown","Toronto"
"GIB-A.TO","CGI GROUP -A","Unknown","Toronto"
"TRP.TO","TRANSCANADA","Unknown","Toronto"
"AGU.TO","AGRIUM","Unknown","Toronto"
"APG.TO","Apollo Gold Corp.","Unknown","Toronto"
"TRI.TO","THOMSON REUTERS","Unknown","Toronto"
"PWT-UN.TO","PENN WEST ENERGY","Unknown","Toronto"
"GCE.TO","GRANDE CACHE COAL","Unknown","Toronto"
"HRG.TO","HIGH RIVER GOLD","Unknown","Toronto"
"HXD.TO","HOR BETAPRO-TU-A","Unknown","Toronto"
"WGI.TO","WESTERN GOLDFIELDS","Unknown","Toronto"
"GWO.TO","GREAT WEST LIFECO","Unknown","Toronto"
"XEG.TO","ISHARES CPD ENERGY","Unknown","Toronto"
"DML.TO","DENISON MINES","Unknown","Toronto"
"AET-UN.TO","ARC ENERGY TR","Unknown","Toronto"
"BVX.TO","BOW VALLEY EGY","Unknown","Toronto"
"HSE.TO","HUSKY ENERGY","Unknown","Toronto"
"SJR-B.TO","SHAW COMM NV-B","Unknown","Toronto"
"NT.TO","NORTEL NETWORKS","Unknown","Toronto"
"SMF.TO","SEMAFO","Unknown","Toronto"
"HBM.TO","HUDBAY MINERALS","Unknown","Toronto"
"CNR.TO","CANADIAN NATL RLWY","Unknown","Toronto"
"PRE.TO","PACIFIC RUBIALES","Unknown","Toronto"
"VNX.TO","VERENEX ENERGY","Unknown","Toronto"
"ENB.TO","ENBRIDGE","Unknown","Toronto"
"AEM.TO","AGNICO EAGLE MINES","Unknown","Toronto"
"NRI.TO","NUVO RESEARCH","Unknown","Toronto"
"ML.TO","MERCATOR MINERALS","Unknown","Toronto"
"SGV.TO","STRATAGOLD","Unknown","Toronto"
"XGD.TO","ISHARES GLO GLD IND","Unknown","Toronto"
"IMO.TO","IMPERIAL OIL","Unknown","Toronto"
"NA.TO","NATL BK CANADA","Unknown","Toronto"
"BAM-A.TO","BROOKFIELD LVTG-A","Unknown","Toronto"
"WTN.TO","WESTERN CDN COAL","Unknown","Toronto"
"YNG.TO","YUKON-NEVADA GOLD","Unknown","Toronto"
"FNX.TO","FNX MINING COMPANY","Unknown","Toronto"
"EIT-UN.TO","ENERVEST DIVERSIFD","Unknown","Toronto"
"ARZ.TO","AURIZON MINES LTD","Unknown","Toronto"
"CP.TO","CDN PACIFIC RAILWAY","Unknown","Toronto"
"FEL.TO","FAIRBORNE ENERGY","Unknown","Toronto"
"TCM.TO","THOMPSON CREEK","Unknown","Toronto"
"CIC.TO","CERTICOM","Unknown","Toronto"
"CLM.TO","CONS THOMPSON IRON","Unknown","Toronto"
"VT.TO","VITERRA","Unknown","Toronto"
"BIR.TO","BIRCHCLIFF ENERGY","Unknown","Toronto"
"TOG.TO","TRISTAR OIL & GAS","Unknown","Toronto"
"QUA.TO","QUADRA MINING","Unknown","Toronto"
"AGI.TO","ALAMOS GOLD","Unknown","Toronto"
"PRQ.TO","PROGRESS EGY RES","Unknown","Toronto"
"ITX.TO","ITERATION ENERGY","Unknown","Toronto"
"PWF.TO","POWER FIN","Unknown","Toronto"
"CPG-UN.TO","CRESCENT PT ENERGY","Unknown","Toronto"
"HSU.TO","HOR BP S&P 500 TU-A","Unknown","Toronto"
"HTE-UN.TO","HARVEST EN TR UTS","Unknown","Toronto"
"TIO.TO","TIOMIN RESOURCES","Unknown","Toronto"
"TA.TO","TRANSALTA","Unknown","Toronto"
"SC.TO","SHOPPERS DRUG MART","Unknown","Toronto"
"BWR.TO","BREAKWATER RES","Unknown","Toronto"
"SAP.TO","SAPUTO","Unknown","Toronto"
"SVM.TO","SILVERCORP METALS","Unknown","Toronto"
"XSP.TO","ISHARES CDN S&P 500","Unknown","Toronto"
"FAN.TO","FARALLON RESOURCES","Unknown","Toronto"
"OSU.TO","ORSU METALS CORP","Unknown","Toronto"
"AER.TO","GROUPE AEROPLAN","Unknown","Toronto"
"P.TO","RAILPOWER TECH","Unknown","Toronto"
"CLS.TO","CELESTICA SVTG","Unknown","Toronto"
"BTE-UN.TO","BAYTEX ENERGY TR UT","Unknown","Toronto"
"GIL.TO","GILDAN ACTIVEWEAR","Unknown","Toronto"
"FTS.TO","FORTIS","Unknown","Toronto"
"CLL.TO","CONNACHER OIL & GAS","Unknown","Toronto"
"JEC.TO","JURA ENERGY","Unknown","Toronto"
"T.TO","TELUS","Unknown","Toronto"
"IQ.TO","AIRIQ","Unknown","Toronto"
"MB.TO","MEGA BRANDS","Unknown","Toronto"
"MAI.TO","Minera Andes Inc.","Unknown","Toronto"
"GSC.TO","GOLDEN STAR RESOURC","Unknown","Toronto"
"FM.TO","1ST QUANTUM MINLS","Unknown","Toronto"
"CR.TO","CREW ENERGY","Unknown","Toronto"
"GAM.TO","GAMMON GOLD","Unknown","Toronto"
"BMD.TO","BIRCH MOUNTAIN RES","Unknown","Toronto"
"GTE.TO","GRAN TIERRA ENERGY","Unknown","Toronto"
"DAY-UN.TO","DAYLIGHT RES TU","Unknown","Toronto"
"REI-UN.TO","RIOCAN REIT","Unknown","Toronto"
"VHB.TO","VICTHOM HUMAN BIO","Unknown","Toronto"
"CAE.TO","CAE INC","Unknown","Toronto"
"ECU.TO","ECU SILVER MINING","Unknown","Toronto"
"MRU-A.TO","METRO-A SUB VTG","Unknown","Toronto"
"CMT.TO","COMPTON PETROLEUM","Unknown","Toronto"
"ORA.TO","AURA MINERALS","Unknown","Toronto"
"X.TO","TMX GROUP","Unknown","Toronto"
"THI.TO","TIM HORTONS","Unknown","Toronto"
"WJA.TO","WESTJET AIRLINE VTG","Unknown","Toronto"
"AGF-B.TO","AGF MGMT -B-","Unknown","Toronto"
"NGX.TO","NORTHGATE MINERALS","Unknown","Toronto"
"WED.TO","WESTAIM","Unknown","Toronto"
"TDG.TO","TRINIDAD DRILLING","Unknown","Toronto"
"AAK.TO","ARAWAK ENERGY","Unknown","Toronto"
"BDY.TO","BRAZILIAN DIAMONDS","Unknown","Toronto"
"MX.TO","METHANEX","Unknown","Toronto"
"CTL.TO","CATALYST PAPER","Unknown","Toronto"
"GBU.TO","GABRIEL RESOURCES","Unknown","Toronto"
"CIX.TO","CI FINANCIAL","Unknown","Toronto"
"GO.TO","GALLEON ENERGY -A","Unknown","Toronto"
"SNC.TO","SNC-LAVALIN","Unknown","Toronto"
"GNA.TO","GERDAU AMERISTEEL","Unknown","Toronto"
"RMX.TO","RUBICON MINERALS","Unknown","Toronto"
"PGF-UN.TO","PENGROWTH ENERGY TU","Unknown","Toronto"
"FNV.TO","FRANCO-NEVADA","Unknown","Toronto"
"FOS.TO","PHOSCAN CHEMICAL","Unknown","Toronto"
"IPL-UN.TO","INTER PIPE LP UTS-A","Unknown","Toronto"
"ENM.TO","ENERGEM RESOURCES","Unknown","Toronto"
"EDV.TO","ENDEAVOUR FIN CORP","Unknown","Toronto"
"FCC.TO","FRONTERA COPPER","Unknown","Toronto"
"JAG.TO","Jaguar Mining Inc","Unknown","Toronto"
"AVN-UN.TO","ADVANTAGE TRUST UTS","Unknown","Toronto"
"TRE.TO","SINO-FOREST","Unknown","Toronto"
"ALA-UN.TO","ALTAGAS INCM TR UTS","Unknown","Toronto"
"CHD.TO","CHARIOT RESOURCES","Unknown","Toronto"
"SGF.TO","SHORE GOLD","Unknown","Toronto"
"MDS.TO","MDS","Unknown","Toronto"
"UEX.TO","UEX","Unknown","Toronto"
"NEM.TO","NEO MATERIAL TECH","Unknown","Toronto"
"IGM.TO","IGM FINANCIAL","Unknown","Toronto"
"RDI.TO","ROCKWELL DIAMONDS","Unknown","Toronto"
"AHD.TO","AREHADA MINING","Unknown","Toronto"
"AZC.TO","AUGUSTA RESOURCE","Unknown","Toronto"
"ATD-B.TO","ALIMENT COUCHE -B","Unknown","Toronto"
"FR.TO","FIRST MAJESTIC SILV","Unknown","Toronto"
"ANO.TO","ANATOLIA MINL DEV","Unknown","Toronto"
"MGA.TO","MEGA URANIUM","Unknown","Toronto"
"LMA.TO","LA MANCHA RESOURCES","Unknown","Toronto"
"FTT.TO","FINNING INTL","Unknown","Toronto"
"KHD.TO","CANADIAN HYDRO DEV","Unknown","Toronto"
"NSU.TO","NEVSUN RESOURCES","Unknown","Toronto"
"PBG.TO","PETROBANK ENERGY","Unknown","Toronto"
"RUS.TO","RUSSEL METALS","Unknown","Toronto"
"FNI.TO","FIRST NICKEL","Unknown","Toronto"
"ERF-UN.TO","ENERPLUS RES","Unknown","Toronto"
"PEY-UN.TO","PEYTO ENERGY TR UTS","Unknown","Toronto"
"VEN.TO","VENTANA GOLD","Unknown","Toronto"
"CS.TO","CAPSTONE MINING","Unknown","Toronto"
"HAE.TO","HAEMACURE","Unknown","Toronto"
"AXC.TO","ADDAX PETROLEUM","Unknown","Toronto"
"KCL.TO","POTASH ONE","Unknown","Toronto"
"ESI.TO","ENSIGN ENERGY SVCS","Unknown","Toronto"
"GIX.TO","GEOLOGIX EXPL","Unknown","Toronto"
"CG.TO","CENTERRA GOLD","Unknown","Toronto"
"HPX.TO","HIGHPINE O&G-A VTG","Unknown","Toronto"
"MNB.TO","MIRABELA NICKEL","Unknown","Toronto"
"OGC.TO","OCEANAGOLD","Unknown","Toronto"
"T-A.TO","TELUS NON-VTG","Unknown","Toronto"
"BIM.TO","BAFFINLAND IRON MIN","Unknown","Toronto"
"PLS.TO","POLARIS MINERALS","Unknown","Toronto"
"U.TO","URANIUM PARTN","Unknown","Toronto"
"APV.TO","ARISE TECHNOLOGIES","Unknown","Toronto"
"L.TO","LOBLAW COS","Unknown","Toronto"
"VRS.TO","ALLEN-VANGUARD","Unknown","Toronto"
"PMT-UN.TO","PARAMOUNT TRUST UTS","Unknown","Toronto"
"XIN.TO","ISHARES 100% HEDGED","Unknown","Toronto"
"EXN.TO","EXCELLON RESOURCES","Unknown","Toronto"
"GPR.TO","GREAT PANTHER RES","Unknown","Toronto"
"NI.TO","VICTORY NICKEL","Unknown","Toronto"
"NAE-UN.TO","NAL OIL & GAS","Unknown","Toronto"
"IMN.TO","INMET MINING","Unknown","Toronto"
"PVE-UN.TO","PROVIDENT TRUST UTS","Unknown","Toronto"
"FIU.TO","FIRST URANIUM","Unknown","Toronto"
"HR-UN.TO","H&R REIT STP UTS","Unknown","Toronto"
"RON.TO","RONA","Unknown","Toronto"
"NVN.TO","NVENTA BIOPHARMA","Unknown","Toronto"
"BCF.TO","BRONCO ENERGY","Unknown","Toronto"
"CGS.TO","CANWEST GLOBAL VTG","Unknown","Toronto"
"SCP.TO","SPROTT RESOURCE","Unknown","Toronto"
"TIM.TO","TIMMINCO LTD","Unknown","Toronto"
"IAG.TO","IND ALLIANCE INSUR","Unknown","Toronto"
"IAU.TO","INTREPID MINES","Unknown","Toronto"
"LSG.TO","LAKE SHORE GOLD","Unknown","Toronto"
"KAT.TO","KATANGA MINING","Unknown","Toronto"
"VAA.TO","VAALDIAM RESOURCES","Unknown","Toronto"
"SAG.TO","STH AM GOLD&COPP CO","Unknown","Toronto"
"TVI.TO","TVI PACIFIC","Unknown","Toronto"
"MG-A.TO","MAGNA INTL -A-","Unknown","Toronto"
"DEE.TO","DELPHI ENERGY","Unknown","Toronto"
"DM.TO","DULUTH METALS","Unknown","Toronto"
"RSC.TO","STRATECO RESOURCES","Unknown","Toronto"
"KRY.TO","CRYSTALLEX INTL","Unknown","Toronto"
"PNP.TO","PINETREE CAPITAL","Unknown","Toronto"
"MGO.TO","MIGAO","Unknown","Toronto"
"CSI.TO","COLOSSUS MINERALS","Unknown","Toronto"
"MFL.TO","MINEFINDERS CORP","Unknown","Toronto"
"MGX.TO","MGM ENERGY","Unknown","Toronto"
"BNP-UN.TO","BONAVISTA ENERGY","Unknown","Toronto"
"CTC-A.TO","CDN TIRE CORP -A-","Unknown","Toronto"
"MDN.TO","MDN","Unknown","Toronto"
"EMA.TO","EMERA","Unknown","Toronto"
"KOM.TO","KOMUNIK","Unknown","Toronto"
"XIC.TO","ISHARES CDN S&P/TSX","Unknown","Toronto"
"TCW.TO","TRICAN WELL SVC","Unknown","Toronto"
"GMI.TO","GLOBESTAR MINING","Unknown","Toronto"
"SIF-UN.TO","ENERGY SAVINGS TU","Unknown","Toronto"
"HBU.TO","HORIZ BP COMEX TU-A","Unknown","Toronto"
"JAZ-UN.TO","JAZZ AIR INCM FD TU","Unknown","Toronto"
"ARG.TO","AMERIGO RESOURCES","Unknown","Toronto"
"KFS.TO","KINGSWAY FINCL SVCS","Unknown","Toronto"
"CEK.TO","CASPIAN ENERGY","Unknown","Toronto"
"CJB.TO","CONJUCHEM BIOTECH","Unknown","Toronto"
"CDH.TO","CORRIDOR RESOURCES","Unknown","Toronto"
"EXE-UN.TO","EXTNDICARE REIT-TU","Unknown","Toronto"
"WTL.TO","WEST ENERGY","Unknown","Toronto"
"EPS.TO","EPSILON ENERGY","Unknown","Toronto"
"NNE-A.TO","NEMI NORT EGY & MIN","Unknown","Toronto"
"PG.TO","PREMIER GOLD MINES","Unknown","Toronto"
"NVA.TO","NUVISTA ENERGY","Unknown","Toronto"
"DGC.TO","DETOUR GOLD","Unknown","Toronto"
"MLY.TO","SPROTT MOLYBDEN","Unknown","Toronto"
"JIN.TO","JINSHAN GOLD MINES","Unknown","Toronto"
"HSD.TO","HOR BP S&P 500 TU-A","Unknown","Toronto"
"COP.TO","CORO MINING","Unknown","Toronto"
"IQW.TO","QUEBECOR WLD SUBVTG","Unknown","Toronto"
"HFD.TO","HOR BETAPRO-TU-A","Unknown","Toronto"
"VRO.TO","VERO ENERGY","Unknown","Toronto"
"GMP-UN.TO","GMP CAPITAL TRUST","Unknown","Toronto"
"DC-A.TO","DUNDEE A SV","Unknown","Toronto"
"BA-UN.TO","BELL ALIANT REG-TU","Unknown","Toronto"
"CAS.TO","CASCADES","Unknown","Toronto"
"XRE.TO","ISHARES CPD REIT","Unknown","Toronto"
"FRG.TO","FRONTEER DEVLOPMENT","Unknown","Toronto"
"HEM.TO","HEMISPHERE GPS","Unknown","Toronto"
"TWF-UN.TO","TIMBERWEST UTS 38","Unknown","Toronto"
"PJC-A.TO","JEAN COUTU GROUP","Unknown","Toronto"
"NDM.TO","N/N DYNASTY MINERAL","Unknown","Toronto"
"OCX.TO","ONEX CORP","Unknown","Toronto"
"CET-UN.TO","CATHEDRAL TRUST UTS","Unknown","Toronto"
"GP.TO","GOLDEN PREDATOR","Unknown","Toronto"
"ORV.TO","ORVANA MINERALS","Unknown","Toronto"
"CCT.TO","CENTENARIO COPPER","Unknown","Toronto"
"ADX.TO","ADVANTEX MKGT INTL","Unknown","Toronto"
"OTC.TO","OPEN TEXT","Unknown","Toronto"
"PIF-UN.TO","PEMBINA PIPELINE FD","Unknown","Toronto"
"AEN.TO","ANTRIM ENERGY","Unknown","Toronto"
"CWB.TO","CANADIAN WESTERN BK","Unknown","Toronto"
"AVM.TO","ANVIL MINING","Unknown","Toronto"
"CSM.TO","CENTRAL SUN MNG","Unknown","Toronto"
"ARE.TO","AECON GROUP","Unknown","Toronto"
"SPM.TO","SCORPIO MINING","Unknown","Toronto"
"CPN.TO","CARPATHIAN GOLD","Unknown","Toronto"
"TH.TO","THERATECHNOLOGIES","Unknown","Toronto"
"IIP-UN.TO","INTERRENT REIT TU","Unknown","Toronto"
"BZA.TO","AMERICAN BONANZA GL","Unknown","Toronto"
"TFI.TO","TRANSFORCE","Unknown","Toronto"
"AUA.TO","ADANAC MOLYBDENUM","Unknown","Toronto"
"BFC.TO","BFI CANADA","Unknown","Toronto"
"TAH.TO","TAHERA DIAMOND","Unknown","Toronto"
"CLC-UN.TO","CML HLTHCARE INCOME","Unknown","Toronto"
"SVC.TO","SANDVINE","Unknown","Toronto"
"CU.TO","CDN UTILIT-A-NVTG","Unknown","Toronto"
"ABT.TO","ABSOLUTE SOFTWARE","Unknown","Toronto"
"SRU.TO","STARFIELD RES","Unknown","Toronto"
"ATA.TO","ATS AUTOMATION TOOL","Unknown","Toronto"
"AMC.TO","ALEXIS MINERALS","Unknown","Toronto"
"IVW.TO","IVERNIA","Unknown","Toronto"
"XTR.TO","ISHARES CDN S&P-TU","Unknown","Toronto"
"LUX.TO","LUXELL TECHNOLOGIES","Unknown","Toronto"
"INV.TO","INTL NICKEL VENTURE","Unknown","Toronto"
"VNP.TO","5N PLUS","Unknown","Toronto"
"GBV.TO","GROUPE BIKINI VILLA","Unknown","Toronto"
"TKO.TO","TASEKO MINES","Unknown","Toronto"
"PXX.TO","PEARL EXPLR & PROD","Unknown","Toronto"
"EF.TO","EARTHFIRST CDA FT","Unknown","Toronto"
"NBD.TO","NORBORD","Unknown","Toronto"
"HED.TO","HOR BETAPRO TU-A","Unknown","Toronto"
"LAM.TO","LARAMIDE RESOURCES","Unknown","Toronto"
"CGH.TO","CANADIAN GOLD HUNT","Unknown","Toronto"
"HNT-UN.TO","HUNTINGDON REIT","Unknown","Toronto"
"PLG.TO","PDX RESOURCES","Unknown","Toronto"
"FCE-UN.TO","FORT CHICAGO EGY-A-","Unknown","Toronto"
"CRJ.TO","CLAUDE RESOURCES","Unknown","Toronto"
"CRN.TO","CROSS LAKE MINERALS","Unknown","Toronto"
"HF.TO","HANFENG EVERGREEN","Unknown","Toronto"
"ADA.TO","ACADIAN MINING","Unknown","Toronto"
"WTE-UN.TO","WESTSHORE TERM INCM","Unknown","Toronto"
"BTO.TO","B2GOLD","Unknown","Toronto"
"QMI.TO","QUEENSTON MINING","Unknown","Toronto"
"MOL.TO","MOLY MINES","Unknown","Toronto"
"TUI-UN.TO","TRUE ENERGY TRUST","Unknown","Toronto"
"BKX.TO","BNK PETROLEUM","Unknown","Toronto"
"ACN.TO","ALBERTA CLIPPR ENER","Unknown","Toronto"
"CSH-UN.TO","CHARTWELL SR TR UTS","Unknown","Toronto"
"HW.TO","HARRY WINSTON DIAM","Unknown","Toronto"
"MBT.TO","MANITOBA TELECOM SV","Unknown","Toronto"
"FMA.TO","FIRST METALS","Unknown","Toronto"
"PTI.TO","PATHEON RSTR VTG","Unknown","Toronto"
"CXX.TO","CROSSHAIR EXPLOR","Unknown","Toronto"
"IRC.TO","INTL ROYALTY","Unknown","Toronto"
"SEO.TO","STORM EXPLORATION","Unknown","Toronto"
"PTS.TO","POINTS INTL","Unknown","Toronto"
"ETG.TO","ENTREE GOLD","Unknown","Toronto"
"KAB.TO","KABOOSE","Unknown","Toronto"
"ICS.TO","INTRINSYC SFTWR","Unknown","Toronto"
"CRW-UN.TO","CINRAM INTL INC-TU","Unknown","Toronto"
"NFI-UN.TO","NEW FLYER IND UTS20","Unknown","Toronto"
"FCO.TO","FORMATION CAPITAL","Unknown","Toronto"
"OPW.TO","OPAWICA EXPLORAT","Unknown","Toronto"
"VET-UN.TO","VERMILION TRUST UTS","Unknown","Toronto"
"AZD.TO","AZURE DYNAMICS-A","Unknown","Toronto"
"AQI.TO","AQUILINE RESOURCES","Unknown","Toronto"
"KEY-UN.TO","KEYER FACILITIES TU","Unknown","Toronto"
"FRB.TO","FORBES ENERGY","Unknown","Toronto"
"STN.TO","STANTEC","Unknown","Toronto"
"JTV.TO","JUMPTV","Unknown","Toronto"
"GQM.TO","GOLDEN QUEEN MINING","Unknown","Toronto"
"WIN.TO","WI-LAN","Unknown","Toronto"
"SMG.TO","SHERMAG INC","Unknown","Toronto"
"CCJ.TO","COALCORP MINING","Unknown","Toronto"
"WG.TO","WGI HEAVY MINERALS","Unknown","Toronto"
"FRU-UN.TO","FREEHOLD ROYALTY TR","Unknown","Toronto"
"SPB.TO","SUPERIOR PLUS","Unknown","Toronto"
"AAB.TO","ABERDEEN INTL","Unknown","Toronto"
"SUE.TO","SULLIDEN EXPL","Unknown","Toronto"
"PTQ.TO","PETAQUILLA MINERALS","Unknown","Toronto"
"BAJ.TO","BAJA MINING","Unknown","Toronto"
"HND.TO","HORIZ BP NYMEX TU-A","Unknown","Toronto"
"MPH.TO","MEDICURE","Unknown","Toronto"
"ATB.TO","ATRIUM INNOVATIONS","Unknown","Toronto"
"URE.TO","UR-ENERGY","Unknown","Toronto"
"WAV.TO","BREAKER ENERGY-A","Unknown","Toronto"
"CJR-B.TO","CORUS ENT NVTG-B","Unknown","Toronto"
"CFP.TO","CANFOR CORP","Unknown","Toronto"
"LBE.TO","LIBERTY MINES","Unknown","Toronto"
"GWE.TO","GREY WOLF EXLPL","Unknown","Toronto"
"API.TO","ATHABASCA POTASH","Unknown","Toronto"
"XSB.TO","ISHARES CDN DEX-TU","Unknown","Toronto"
"SCL-A.TO","SHAWCOR-A","Unknown","Toronto"
"MFI.TO","MAPLE LEAF FOODS","Unknown","Toronto"
"MTL-UN.TO","MULLEN GROUP-TU","Unknown","Toronto"
"CMK.TO","CLINE MINING","Unknown","Toronto"
"AEI.TO","ARSENAL ENERGY","Unknown","Toronto"
"XDV.TO","ISHARES CDN DOW","Unknown","Toronto"
"SWG.TO","SOUTHWESTERN RES","Unknown","Toronto"
"PVM.TO","PINE VALLEY MINING","Unknown","Toronto"
"NAS.TO","NORTHSTAR AEROSPACE","Unknown","Toronto"
"PMZ-UN.TO","PRIMARIS REIT TU","Unknown","Toronto"
"NAL.TO","NEWALTA","Unknown","Toronto"
"PSX.TO","PROSPEX RESOURCES","Unknown","Toronto"
"BEI-UN.TO","BOARDWALK REIT TU","Unknown","Toronto"
"SAS.TO","ST ANDREW GOLDFIELD","Unknown","Toronto"
"EDR.TO","ENDEAVOUR SILVER","Unknown","Toronto"
"OEX.TO","ORLEANS ENERGY","Unknown","Toronto"
"NHC.TO","NSTAR HLTHCARE","Unknown","Toronto"
"CTQ.TO","CORRIENTE RESOURCES","Unknown","Toronto"
"JOV.TO","JOVIAN CAPITAL","Unknown","Toronto"
"RSI-UN.TO","ROGERS SUGAR INC TR","Unknown","Toronto"
"AIQ.TO","ATLANTIS SYSTEMS","Unknown","Toronto"
"DDS.TO","LABOPHARM","Unknown","Toronto"
"MGI.TO","MIGENIX","Unknown","Toronto"
"REF-UN.TO","CANADIAN REAL UBI","Unknown","Toronto"
"PGD.TO","PEREGRINE DIAMONDS","Unknown","Toronto"
"CWI-UN.TO","CONSUMER WATERH UTS","Unknown","Toronto"
"GLV-A.TO","GLV SUB VTG-A","Unknown","Toronto"
"MAG.TO","MAG SILVER","Unknown","Toronto"
"AQA.TO","AQUILA RESOURCES","Unknown","Toronto"
"IS-UN.TO","INSTORAGE REIT-TU","Unknown","Toronto"
"MNR.TO","MEDITERRANEAN RES","Unknown","Toronto"
"GC.TO","GREAT CDN GAMING","Unknown","Toronto"
"MUN.TO","MUNDORO CAPITAL","Unknown","Toronto"
"MTM.TO","MITEC TELECOM","Unknown","Toronto"
"SNN.TO","SAN ANTON RESOURCE","Unknown","Toronto"
"MSF.TO","MEDCOMSOFT","Unknown","Toronto"
"CCI.TO","CANACCORD CAPITAL","Unknown","Toronto"
"CWT-UN.TO","CALLOWAY TRUST UTS","Unknown","Toronto"
"APF-UN.TO","ALGONQUIN POWER TR","Unknown","Toronto"
"SXC.TO","SXC HEALTH SOL","Unknown","Toronto"
"LV.TO","LONGVIEW CAP PARTN","Unknown","Toronto"
"XBB.TO","ISHARES CDN DEX-TU","Unknown","Toronto"
"CAR-UN.TO","CDN APT PPTY TU","Unknown","Toronto"
"PSI.TO","PASON SYSTEMS","Unknown","Toronto"
"XMA.TO","ISHARES MATERIALS","Unknown","Toronto"
"QC.TO","QUEST CAPITAL","Unknown","Toronto"
"CMF.TO","COMAPLEX MINERALS","Unknown","Toronto"
"ATN.TO","ATNA RESOURCES","Unknown","Toronto"
"NVR.TO","NEVORO","Unknown","Toronto"
"DW.TO","DUNDEEWEALTH","Unknown","Toronto"
"HLB.TO","HILLSBOROUGH RES","Unknown","Toronto"
"SVY.TO","SAVANNA ENERGY SERV","Unknown","Toronto"
"MDA.TO","MACDONALD DETTWILER","Unknown","Toronto"
"CYM.TO","CYMAT TECHNOLOGIES","Unknown","Toronto"
"RNO.TO","VECTOR AEROSPACE","Unknown","Toronto"
"WN.TO","GEORGE WESTON","Unknown","Toronto"
"RUT.TO","RUTTER","Unknown","Toronto"
"EFX-UN.TO","ENERFLEX SYS TU","Unknown","Toronto"
"NKO.TO","NIKO RESOURCES","Unknown","Toronto"
"CGX-UN.TO","CINEPLEX GAL TR UTS","Unknown","Toronto"
"HCG.TO","HOME CAPITAL GROUP","Unknown","Toronto"
"ZPP.TO","ZONGSHEN PEM POWER","Unknown","Toronto"
"CLT.TO","CELTIC EXPLORATION","Unknown","Toronto"
"TCL-A.TO","TRANSCONTINENTAL -A","Unknown","Toronto"
"SEG.TO","SILVER EAGLE MINES","Unknown","Toronto"
"WDO.TO","WESDOME GOLD MINES","Unknown","Toronto"
"ESN-UN.TO","ESSENTIAL EGY UTS","Unknown","Toronto"
"LB.TO","LAURENTIAN BK CDA","Unknown","Toronto"
"CZQ.TO","CONTL PRECIOUS MINL","Unknown","Toronto"
"CHE-UN.TO","CHEMTRADE LOGISTICS","Unknown","Toronto"
"GSL.TO","GREYSTAR RESOURCES","Unknown","Toronto"
"SWY.TO","STORNOWAY DIAMOND","Unknown","Toronto"
"PDP.TO","PETROLIFERA PETROLE","Unknown","Toronto"
"TL.TO","TEAL EXPL & MINING","Unknown","Toronto"
"LRR.TO","LINEAR GOLD","Unknown","Toronto"
"SAM.TO","STARCORE INTL MINES","Unknown","Toronto"
"ACM-A.TO","ASTRAL-A NON VTG","Unknown","Toronto"
"PLI.TO","PROMETIC LIFE","Unknown","Toronto"
"PPN.TO","PLATMIN","Unknown","Toronto"
"VGQ.TO","VIRGINIA MINES","Unknown","Toronto"
"ZL.TO","ZARLINK SEMICONDUCT","Unknown","Toronto"
"CBM.TO","MAHALO ENERGY","Unknown","Toronto"
"ER.TO","EASTMAIN RESOURCES","Unknown","Toronto"
"OFB-UN.TO","OFI INCOME TU","Unknown","Toronto"
"RIC.TO","RICHMONT MINES","Unknown","Toronto"
"CDV.TO","COM DEV INTL","Unknown","Toronto"
"RET-A.TO","REITMANS CANADA-A","Unknown","Toronto"
"PUG.TO","PURE DIAMONDS EXPL","Unknown","Toronto"
"WM.TO","WALLBRIDGE MNG CO","Unknown","Toronto"
"AC-B.TO","AIR CANADA VTG-B","Unknown","Toronto"
"YK.TO","YUKON GOLD","Unknown","Toronto"
"LH.TO","LOCKERBIE & HOLE","Unknown","Toronto"
"TD-PG.TO","TDB NCP-AG","Unknown","Toronto"
"GGC.TO","GENCO RESOURCES","Unknown","Toronto"
"PFE.TO","PACIFIC ENERGY RES","Unknown","Toronto"
"HQU.TO","HOR BP NASDAQ TU-A","Unknown","Toronto"
"INN-UN.TO","INNVEST REIT TU","Unknown","Toronto"
"GPX.TO","GREAT PLAINS EXPL","Unknown","Toronto"
"ITF.TO","FREEGOLD VENTURES","Unknown","Toronto"
"WNX.TO","WARNEX","Unknown","Toronto"
"CNH.TO","CINCH ENERGY","Unknown","Toronto"
"NTL-PF.TO","NORTEL NETW PFD-A-5","Unknown","Toronto"
"DHF-UN.TO","DAVIS HENDERSON-TU","Unknown","Toronto"
"PZG.TO","PARAMOUNT GOLD","Unknown","Toronto"
"RS.TO","RESIN SYSTEMS","Unknown","Toronto"
"KGI.TO","KIRKLAND LAKE GOLD","Unknown","Toronto"
"QBR-B.TO","QUEBECOR INC  -B-","Unknown","Toronto"
"ACO-X.TO","ATCO NON VTG","Unknown","Toronto"
"NIF-UN.TO","NORANDA INCM UTS-A","Unknown","Toronto"
"LOR.TO","LORUS THERAPEUTICS","Unknown","Toronto"
"RKN.TO","REDKNEE SOLUTIONS","Unknown","Toronto"
"GRZ.TO","GOLD RESERVE -A","Unknown","Toronto"
"DPM.TO","DUNDEE PRECIOUS MET","Unknown","Toronto"
"ME.TO","MONETA PORCUP MINES","Unknown","Toronto"
"VTR.TO","VOLTA RESOURCES","Unknown","Toronto"
"ERD.TO","ERDENE RES DEV","Unknown","Toronto"
"SAC.TO","SOUTH AMERICAN","Unknown","Toronto"
"MPT-UN.TO","MACQUARIE POWER TU","Unknown","Toronto"
"FSV.TO","FIRSTSERVICE","Unknown","Toronto"
"TIH.TO","TOROMONT INDUSTRIES","Unknown","Toronto"
"AX-UN.TO","ARTIS REIT- TU","Unknown","Toronto"
"BNC.TO","BIONICHE LIFE","Unknown","Toronto"
"TS-B.TO","TORSTAR NVTG -B","Unknown","Toronto"
"CVI-A.TO","CALVALLEY PETE-A","Unknown","Toronto"
"MS.TO","BIOMS MEDICAL","Unknown","Toronto"
"AQL.TO","AEROQUEST INTL","Unknown","Toronto"
"LIF-UN.TO","LABRADOR TRUST UTS","Unknown","Toronto"
"CFW.TO","CALFRAC WELL SERV","Unknown","Toronto"
"GUY.TO","GUYANA GOLDFIELDS","Unknown","Toronto"
"MSI-UN.TO","MORNEAU SOBECO INCM","Unknown","Toronto"
"NUS.TO","NAUTILUS MINERALS","Unknown","Toronto"
"WXX.TO","WEST 49","Unknown","Toronto"
"WTM.TO","WEST TIMMINS MINING","Unknown","Toronto"
"ATP-UN.TO","ATLNTIC PW IPS UT16","Unknown","Toronto"
"FOR.TO","FRANC-OR RESOURCES","Unknown","Toronto"
"CZN.TO","CANADIAN ZINC","Unknown","Toronto"
"CUF-UN.TO","COMINAR ESTATE TR","Unknown","Toronto"
"MRE.TO","MARTINREA INTL","Unknown","Toronto"
"CFX-UN.TO","CANFOR PULP TU","Unknown","Toronto"
"URB-A.TO","URBANA NON VTG-A","Unknown","Toronto"
"EET.TO","ETRUSCAN RESOURCES","Unknown","Toronto"
"ICI.TO","INTER-CITIC MINERAL","Unknown","Toronto"
"NRD.TO","NORD RESOURCES","Unknown","Toronto"
"CZZ.TO","CANADIAN ROYALTIES","Unknown","Toronto"
"BCD.TO","BRC DIAMONDCORE","Unknown","Toronto"
"NAC.TO","NORTH ATLANTIC RES","Unknown","Toronto"
"RBM.TO","RESPONSE BIOMEDICAL","Unknown","Toronto"
"BBD-A.TO","BOMBARDIER -A-","Unknown","Toronto"
"HTD.TO","HOR BP US30-YR TU-A","Unknown","Toronto"
"EFR.TO","ENERGY FUELS","Unknown","Toronto"
"TET-UN.TO","TRILOGY ENERGY TU","Unknown","Toronto"
"NTI.TO","NORTHCORE TECH","Unknown","Toronto"
"NOM.TO","NORSEMONT MINING","Unknown","Toronto"
"AVF-UN.TO","AVENIR DIVERSI TU","Unknown","Toronto"
"CAX.TO","CANDAX ENERGY","Unknown","Toronto"
"NIC.TO","PURE NICKEL","Unknown","Toronto"
"OYM.TO","OLYMPUS PAC MINLS","Unknown","Toronto"
"TEO.TO","TESCO","Unknown","Toronto"
"GW.TO","GARDA WORLD SEC -A","Unknown","Toronto"
"PAR.TO","PETRO ANDINA RES-A","Unknown","Toronto"
"XAU.TO","AUEX VENTURES","Unknown","Toronto"
"PRK.TO","PARKBRIDGE LIFESTYL","Unknown","Toronto"
"MAX.TO","MAXIMIZER SOFTWARE","Unknown","Toronto"
"IFP-A.TO","INTL FOREST PRODUCT","Unknown","Toronto"
"RY-PR.TO","RBC NCP 1ST-AR","Unknown","Toronto"
"DMM.TO","DYNASTY METALS","Unknown","Toronto"
"PKI-UN.TO","PARKLAND TRUST UTS","Unknown","Toronto"
"SVU.TO","SPUR VENTURES INC","Unknown","Toronto"
"XCL.TO","X-CAL RESOURCES","Unknown","Toronto"
"GVX.TO","GRANDVIEW GOLD","Unknown","Toronto"
"BRK-UN.TO","BRICK GRP INCME -TU","Unknown","Toronto"
"TPS.TO","TURBO POWER SYSTEMS","Unknown","Toronto"
"AXL.TO","ANDERSON ENERGY","Unknown","Toronto"
"NCU.TO","NEVADA COPPER","Unknown","Toronto"
"DRX.TO","ADF GROUP SBVTG","Unknown","Toronto"
"DUR.TO","DELTA URANIUM","Unknown","Toronto"
"PHX-UN.TO","PHOENIX TECH INC TU","Unknown","Toronto"
"LIQ-UN.TO","LIQUOR STORES IN TU","Unknown","Toronto"
"EXF.TO","EXFO ELECTRO-OPT SV","Unknown","Toronto"
"ASR.TO","ASPEN GROUP RES","Unknown","Toronto"
"NPI-UN.TO","NORTHLAND POWER TR","Unknown","Toronto"
"RCM.TO","RUGGEDCOM","Unknown","Toronto"
"CAM.TO","CANAM GROUP","Unknown","Toronto"
"PMG.TO","PETROMINERALES","Unknown","Toronto"
"DNG.TO","DYNACOR GOLD MINES","Unknown","Toronto"
"SBA-M.TO","7.31 BNS BATS-1","Unknown","Toronto"
"WRN.TO","WESTERN COPPER","Unknown","Toronto"
"TKM.TO","TEKMIRA PHARMACEUT","Unknown","Toronto"
"SI.TO","SIRIT","Unknown","Toronto"
"NGL.TO","ANGLE ENERGY","Unknown","Toronto"
"VGM.TO","VIRGIN METALS","Unknown","Toronto"
"PHC.TO","PHOENIX COAL","Unknown","Toronto"
"BNS-PX.TO","BNS NCP-28","Unknown","Toronto"
"MIM-A.TO","MI DEVELOPMENT-A","Unknown","Toronto"
"CDR.TO","CALDERA RESOURCES","Unknown","Toronto"
"TRZ-B.TO","TRANSAT A.T VTG -B-","Unknown","Toronto"
"MN.TO","MARCH NETWORKS","Unknown","Toronto"
"AXU.TO","AURORA ENERGY RES","Unknown","Toronto"
"ALS.TO","ALTIUS MINERALS","Unknown","Toronto"
"PTM.TO","PLATINUM GROUP MET","Unknown","Toronto"
"AMF.TO","AMORFIX LIFE SCIENC","Unknown","Toronto"
"BEN.TO","BERENS ENERGY LTD","Unknown","Toronto"
"ISA.TO","ISOTECHNIKA","Unknown","Toronto"
"D-UN.TO","DUNDEE REIT TU-A","Unknown","Toronto"
"HE.TO","HANWEI ENERGY SVCS","Unknown","Toronto"
"GGN.TO","GRYPHON GOLD","Unknown","Toronto"
"AP-UN.TO","ALLIED PPTIES TR UT","Unknown","Toronto"
"ARF-UN.TO","ARMTEC INFRA TR UTS","Unknown","Toronto"
"POU.TO","PARAMOUNT RES-A","Unknown","Toronto"
"DVT.TO","DIVESTCO","Unknown","Toronto"
"TBL.TO","TAIGA BLDG PRODUCTS","Unknown","Toronto"
"CUS-UN.TO","CANEXUS INCOM FD TU","Unknown","Toronto"
"MDI.TO","MAJ DRILL GRP INTL","Unknown","Toronto"
"EMP-A.TO","EMPIRE","Unknown","Toronto"
"KRI.TO","KHAN RESOURCES","Unknown","Toronto"
"ONT.TO","ONTEX RES LTD","Unknown","Toronto"
"FES.TO","FLINT ENERGY SVCS","Unknown","Toronto"
"PAE.TO","PEACE ARCH ENT GRP","Unknown","Toronto"
"PBI-UN.TO","PREMIUM BRANDS TU","Unknown","Toronto"
"GLH-UN.TO","GREAT LAKES HYDR TR","Unknown","Toronto"
"EBR.TO","EMBER RESOURCES","Unknown","Toronto"
"IDC.TO","INTL DATACASTING","Unknown","Toronto"
"BPP-PM.TO","BPO CRP -M-","Unknown","Toronto"
"WFT.TO","WEST FRASER TIMBER","Unknown","Toronto"
"FTG.TO","FIRAN TECHNLGY GRP","Unknown","Toronto"
"RYL-UN.TO","ROYAL HOST REAL TR","Unknown","Toronto"
"FRA.TO","FRANCONIA MINERALS","Unknown","Toronto"
"DAV.TO","DAVIE YARDS","Unknown","Toronto"
"WWW.TO","MOMENTUM ADVANCED","Unknown","Toronto"
"WPK.TO","WINPAK LTD","Unknown","Toronto"
"RBO-UN.TO","RESOLVE BUSINESS TU","Unknown","Toronto"
"PIC-A.TO","PREMIUM INCOME-A","Unknown","Toronto"
"AHX.TO","ADHEREX TECH","Unknown","Toronto"
"MRT-UN.TO","MORGUARD RL EST TR","Unknown","Toronto"
"LNR.TO","LINAMAR CORP","Unknown","Toronto"
"FEC.TO","FAIRWEST ENERGY","Unknown","Toronto"
"LMZ.TO","LMS MEDICAL SYS","Unknown","Toronto"
"PES-UN.TO","PEAK ENERGY TR UTS","Unknown","Toronto"
"NWF-UN.TO","NORTH WEST CO FD","Unknown","Toronto"
"ANV.TO","ALLIED NEVADA GOLD","Unknown","Toronto"
"HQD.TO","HOR BP NASDAQ TU-A","Unknown","Toronto"
"NWI.TO","NUINSCO RESOURCES","Unknown","Toronto"
"BPT-UN.TO","BORALEX PWR FD UTS","Unknown","Toronto"
"HDD.TO","HOR BP US DLR TU-A","Unknown","Toronto"
"ACE-A.TO","ACE AVIAT HLDG-A VR","Unknown","Toronto"
"FXI.TO","FRALEX THERAPEUTICS","Unknown","Toronto"
"WEF.TO","WESTERN FOREST PROD","Unknown","Toronto"
"FL.TO","FLETCHER NICKEL","Unknown","Toronto"
"GCG-A.TO","GUARDIAN CAP GROUP","Unknown","Toronto"
"WRX.TO","Wireless Matrix Corp.","Unknown","Toronto"
"CSS-UN.TO","CONTRANS TR UTS-SV","Unknown","Toronto"
"PMU.TO","PACIFIC RIM MINING","Unknown","Toronto"
"CVQ.TO","CV TECHNOLOGIES -A","Unknown","Toronto"
"GXP.TO","GOLDSTAKE EXPLORAT","Unknown","Toronto"
"MSY.TO","MASTERS ENERGY","Unknown","Toronto"
"TBE.TO","TWIN BUTTE ENERGY","Unknown","Toronto"
"SCC.TO","SEARS CANADA","Unknown","Toronto"
"MAL.TO","MAGELLAN AEROSPACE","Unknown","Toronto"
"TEC.TO","TECHNICOIL","Unknown","Toronto"
"SGA.TO","AUSTRALIAN SOLOMONS","Unknown","Toronto"
"ONR.TO","OPEN RANGE ENERGY","Unknown","Toronto"
"AAH.TO","AASTRA TECH","Unknown","Toronto"
"EKO.TO","NOVEKO INTL","Unknown","Toronto"
"DII-B.TO","DOREL IND SVTG-B-","Unknown","Toronto"
"BAA.TO","BANRO","Unknown","Toronto"
"RVR.TO","RICHVIEW RESOURCES","Unknown","Toronto"
"BSY.TO","BIOSYNTECH","Unknown","Toronto"
"FCR.TO","FIRST CAP REALTY","Unknown","Toronto"
"PCC.TO","PLUTONIC POWER","Unknown","Toronto"
"XRB.TO","ISHARES CDN DEX-TU","Unknown","Toronto"
"HBD.TO","HORIZ BP COMEX TU-A","Unknown","Toronto"
"CCL-B.TO","CCL INDS -B-","Unknown","Toronto"
"SBS.TO","SEMBIOSYS GENETICS","Unknown","Toronto"
"ISM.TO","INSPIRATION MINING","Unknown","Toronto"
"PFN.TO","PACIFIC NORTH WEST","Unknown","Toronto"
"MVG.TO","METALLIC VENTRS GLD","Unknown","Toronto"
"AG-UN.TO","ARCTIC GLACIER TU","Unknown","Toronto"
"SII.TO","SPROTT","Unknown","Toronto"
"IMP.TO","INTERMAP TECH -A-","Unknown","Toronto"
"DSG.TO","THE DESCARTES SYS","Unknown","Toronto"
"CXS.TO","COUNSEL CORP","Unknown","Toronto"
"ZNC.TO","ZINCORE METALS","Unknown","Toronto"
"HJD.TO","HORIZ BP MSCI TU-A","Unknown","Toronto"
"OGD.TO","ORBIT GARANT DRILL","Unknown","Toronto"
"OLE.TO","OROMIN EXPLORATIONS","Unknown","Toronto"
"ADS.TO","ADALTIS","Unknown","Toronto"
"BPF-UN.TO","BOSTON PIZZA UTS","Unknown","Toronto"
"GNE.TO","CALL GENIE INC","Unknown","Toronto"
"FGL.TO","FORZANI GROUP-A","Unknown","Toronto"
"WJX-UN.TO","WAJAX INCOME FD TU","Unknown","Toronto"
"HJU.TO","HORIZON BP TU-A","Unknown","Toronto"
"MMM.TO","MINCO GOLD","Unknown","Toronto"
"RVX.TO","RESVERLOGIX","Unknown","Toronto"
"IMZ.TO","INTL MINERALS","Unknown","Toronto"
"CGJ.TO","CARLISLE GOLDFIELDS","Unknown","Toronto"
"STB.TO","STUDENT OF AMERICA","Unknown","Toronto"
"MSV.TO","MINCO SILVER","Unknown","Toronto"
"EP-UN.TO","EPCOR POWER LP","Unknown","Toronto"
"CLR-UN.TO","CLEARWATER TRUST UT","Unknown","Toronto"
"PKL.TO","PC GOLD","Unknown","Toronto"
"AXR.TO","ALEXCO RESOURCE","Unknown","Toronto"
"DFE.TO","DAY4 ENERGY","Unknown","Toronto"
"LRM.TO","LINEAR METALS","Unknown","Toronto"
"E.TO","ENTERPRISE OILFIELD","Unknown","Toronto"
"HMU.TO","HOR BP S&P/TSX TU-A","Unknown","Toronto"
"WPT.TO","WESTPORT INNOVAT","Unknown","Toronto"
"PFX.TO","PROFOUND ENERGY","Unknown","Toronto"
"NPR-UN.TO","NORTHERN PPTY TU","Unknown","Toronto"
"MXG.TO","MAXIM POWER","Unknown","Toronto"
"SAX.TO","SURAMINA RESOURCES","Unknown","Toronto"
"GZM-UN.TO","GAZ METRO","Unknown","Toronto"
"CAZ.TO","CAZA OIL & GAS","Unknown","Toronto"
"EIS.TO","EVEREADY","Unknown","Toronto"
"POM.TO","POLYMET MINING","Unknown","Toronto"
"ORB.TO","ORBUS PHARMA","Unknown","Toronto"
"GND.TO","GENNUM","Unknown","Toronto"
"MPV.TO","MOUNTAIN PROV DIMDS","Unknown","Toronto"
"GIT.TO","GITENNES EXPLORATN","Unknown","Toronto"
"GLG.TO","GLG LIFE TECH","Unknown","Toronto"
"CCA.TO","COGECO CABLE","Unknown","Toronto"
"XTC.TO","EXCO TECHNOLOGIES","Unknown","Toronto"
"TOS.TO","TSO3","Unknown","Toronto"
"MFT-M.TO","7 MANLIF MACS 51-A","Unknown","Toronto"
"YRB-A.TO","YORBEAU RESOURCES","Unknown","Toronto"
"FFH.TO","FAIRFAX FINL HLDG","Unknown","Toronto"
"JFC.TO","JAGUAR FINL","Unknown","Toronto"
"SBR.TO","SILVER BEAR RES","Unknown","Toronto"
"AVL.TO","AVALON RARE","Unknown","Toronto"
"CEW-A.TO","CLAY EQUAL WEIGHT","Unknown","Toronto"
"FPS.TO","FRASER PAPERS","Unknown","Toronto"
"CUX.TO","COPPER MESA","Unknown","Toronto"
"MXL.TO","MONTEREY EXPLOR","Unknown","Toronto"
"CTA.TO","CROCOTTA ENERGY","Unknown","Toronto"
"CNJ.TO","CANGENE","Unknown","Toronto"
"CLF.TO","CLAYMORE 1-5 YR LAD","Unknown","Toronto"
"FT.TO","FORTUNE MINERALS","Unknown","Toronto"
"ZAZ.TO","ZAZU METALS","Unknown","Toronto"
"CUQ.TO","CHURCHILL -A-","Unknown","Toronto"
"MAR.TO","MARATHON PGM","Unknown","Toronto"
"DR-UN.TO","MEDICAL IPS UTS 14","Unknown","Toronto"
"TPL.TO","TETHYS PETRO","Unknown","Toronto"
"NPF-UN.TO","NEWPORT PARTNER-UTS","Unknown","Toronto"
"CSE.TO","CDN SUB-SURFACE-A","Unknown","Toronto"
"AC-A.TO","AIR CANADA VTG-A","Unknown","Toronto"
"PIC-PA.TO","PREMIUM INCM PFD-A","Unknown","Toronto"
"RDL.TO","REDLINE COMMUNICAT","Unknown","Toronto"
"DNT.TO","CANDENTE RESOURCE","Unknown","Toronto"
"SRY.TO","STINGRAY COPPER","Unknown","Toronto"
"WES.TO","WESTERN FINL GROUP","Unknown","Toronto"
"ZAR-UN.TO","ZARGON ENERGY TU","Unknown","Toronto"
"LIV-UN.TO","LIVINGSTON TRUST UT","Unknown","Toronto"
"PSD.TO","PULSE DATA","Unknown","Toronto"
"NTL-PG.TO","NORTEL NETW PFD-A-7","Unknown","Toronto"
"TZT.TO","TRANZEO WRLSS TECH","Unknown","Toronto"
"TLO.TO","TALON METALS","Unknown","Toronto"
"RVM.TO","REVETT MINERALS","Unknown","Toronto"
"CMH.TO","CARMANAH TECH","Unknown","Toronto"
"CWL-A.TO","CALDWELL PRTNS INTL","Unknown","Toronto"
"AXX.TO","AXIA NETMEDIA","Unknown","Toronto"
"MCB.TO","MCCOY CORP","Unknown","Toronto"
"TVA-B.TO","TVA GROUP -B-","Unknown","Toronto"
"BH.TO","BRAINHUNTER","Unknown","Toronto"
"TML.TO","TREASURY METALS","Unknown","Toronto"
"DSA.TO","DALSA","Unknown","Toronto"
"BQE.TO","BIOTEQ ENVIRO TECH","Unknown","Toronto"
"ACE-B.TO","ACE AVITN HLDG-B VT","Unknown","Toronto"
"PRP.TO","PROSEP","Unknown","Toronto"
"BWC.TO","BRIDGEWATER SYSTEMS","Unknown","Toronto"
"HEQ-UN.TO","HOME EQ INCM TR UTS","Unknown","Toronto"
"ARA.TO","ART ADVANCED RES","Unknown","Toronto"
"QBR-A.TO","QUEBECOR -A-","Unknown","Toronto"
"WN-PB.TO","5.15% G WSTN CRP-II","Unknown","Toronto"
"MOX.TO","MIDNIGHT OIL EXPL","Unknown","Toronto"
"MLX.TO","MARSULEX","Unknown","Toronto"
"FBS-PB.TO","5BANC SP 4.75%PFD-B","Unknown","Toronto"
"ELC.TO","CIC Energy Corp.","Unknown","Toronto"
"AFN-UN.TO","AG GROWTH INCOME TU","Unknown","Toronto"
"XMD.TO","ISHARES COMPL INDEX","Unknown","Toronto"
"CRR-UN.TO","CROMB REIT TU","Unknown","Toronto"
"TD-PE.TO","TDB NCP-AE","Unknown","Toronto"
"CCM.TO","CANARC RESOURCES","Unknown","Toronto"
"BNS-PT.TO","BNS NCP-26","Unknown","Toronto"
"MEW-UN.TO","MENU FOODS UTS","Unknown","Toronto"
"BKP.TO","C A BANCORP COM","Unknown","Toronto"
"MAW.TO","MAWSON RESOURCES","Unknown","Toronto"
"WFS-PA.TO","WORLD FINANCIAL PFD","Unknown","Toronto"
"TOT-UN.TO","TOTAL ENERGY SVC TU","Unknown","Toronto"
"RET.TO","REITMANS CANADA","Unknown","Toronto"
"YM.TO","YM BIOSCIENCES","Unknown","Toronto"
"GDC.TO","GENESIS DEVELOPMENT","Unknown","Toronto"
"MLG.TO","MALAGA","Unknown","Toronto"
"XWE.TO","World Energy Solutions Inc.","Unknown","Toronto"
"ACQ-UN.TO","AUTOCANADA INCME TU","Unknown","Toronto"
"MBX.TO","MICROBIX BIOSYSTEMS","Unknown","Toronto"
"ENF-UN.TO","ENBRDGE ICOME TR UT","Unknown","Toronto"
"ANX.TO","ANACONDA MINING","Unknown","Toronto"
"GNV-UN.TO","GENIVAR INCOME TU","Unknown","Toronto"
"ONE.TO","01 COMM LAB","Unknown","Toronto"
"ZCL.TO","ZCL COMPOSITES","Unknown","Toronto"
"KMP.TO","KILLAM PROPERTIES","Unknown","Toronto"
"UEG.TO","UNIVERSAL ENERGY","Unknown","Toronto"
"XIT.TO","ISHARES CPD INFO","Unknown","Toronto"
"CJT-UN.TO","CARGOJET CAD BE-UTS","Unknown","Toronto"
"BRT.TO","BURNTSAND","Unknown","Toronto"
"PME.TO","SENTRY SELEC PRIM-A","Unknown","Toronto"
"MSD.TO","MOSAID TECHNOLOGIES","Unknown","Toronto"
"WFS.TO","WORLD FINANCIAL-A","Unknown","Toronto"
"CTU-A.TO","LE CHATEAU-A","Unknown","Toronto"
"TNP.TO","TRANSATLANTIC PET.","Unknown","Toronto"
"HMD.TO","HOR BP S&P/TSX TU-A","Unknown","Toronto"
"TFL.TO","TRAFALGAR ENERGY","Unknown","Toronto"
"PPL-PA.TO","PRIME RATE PLUS PFD","Unknown","Toronto"
"GVC.TO","GLACIER MEDIA","Unknown","Toronto"
"AKL.TO","AKELA PHARMA","Unknown","Toronto"
"GMC.TO","GEOVIC MINING","Unknown","Toronto"
"BDT-UN.TO","BIRD CONSTR INC TU","Unknown","Toronto"
"TIL-UN.TO","TREE IS WIRE TR UTS","Unknown","Toronto"
"PPA.TO","PROTECTIVE PRODS AM","Unknown","Toronto"
"MT.TO","MIRANDA TECHNOLOGIE","Unknown","Toronto"
"THR.TO","THUNDERMIN RES","Unknown","Toronto"
"DHX.TO","DHX MEDIA","Unknown","Toronto"
"CRL.TO","CCR TECHNOLGIES","Unknown","Toronto"
"PLB.TO","PALADIN LABS","Unknown","Toronto"
"FWM.TO","FAR WEST MINING -A-","Unknown","Toronto"
"ATQ.TO","ADEPTRON TECHNOLOG","Unknown","Toronto"
"GTX.TO","GRAN TIERRA EX-EXCH","Unknown","Toronto"
"HNL.TO","HORIZON N LOGISTICS","Unknown","Toronto"
"PPL.TO","PRIME RATE PLUS -A","Unknown","Toronto"
"TMB.TO","TEMBEC","Unknown","Toronto"
"AMM.TO","ALMADEN MINERALS","Unknown","Toronto"
"GTH.TO","US GEOTHERMAL","Unknown","Toronto"
"UFX.TO","DOMTAR CDA PAPER","Unknown","Toronto"
"HDG.TO","HIGH DESERT GOLD","Unknown","Toronto"
"WEW.TO","WEBTECH WIRELESS","Unknown","Toronto"
"FMN.TO","FLUID MUSIC","Unknown","Toronto"
"DWI.TO","DRAGONWAVE","Unknown","Toronto"
"BLU.TO","BELLUS HEALTH","Unknown","Toronto"
"TDR.TO","TUDOR CORP LTD","Unknown","Toronto"
"LYD.TO","LYDIAN INTL","Unknown","Toronto"
"RY-PP.TO","RBC 1ST NCP-AP","Unknown","Toronto"
"MTK.TO","MATRIKON","Unknown","Toronto"
"KCR.TO","CANCOR MINES","Unknown","Toronto"
"BNE.TO","BONT OIL & GAS","Unknown","Toronto"
"CUM.TO","COPPER MOUNTAIN","Unknown","Toronto"
"AEZ.TO","AETERNA ZENTARIS","Unknown","Toronto"
"DFN.TO","DIVIDEND 15 SPLT-A","Unknown","Toronto"
"HBH-M.TO","HSBC 7.78% HATS 10","Unknown","Toronto"
"VEM.TO","VENA RESOURCES","Unknown","Toronto"
"PRW-UN.TO","PETROWEST ENERGY TU","Unknown","Toronto"
"PDV-PA.TO","PRIME DIVID PFD-A","Unknown","Toronto"
"COB.TO","COOLBRANDS INTL","Unknown","Toronto"
"PRT-UN.TO","PRT FOREST TR","Unknown","Toronto"
"RMM-UN.TO","RETROCOM MID-MKT TU","Unknown","Toronto"
"KNA.TO","KEYSTONE NORTH AMER","Unknown","Toronto"
"FMD-UN.TO","FUTUREMED HEALTHCAR","Unknown","Toronto"
"HNC.TO","HARD CREEK NICKEL","Unknown","Toronto"
"IXN.TO","INTREPD NUSTAR EXCH","Unknown","Toronto"
"NRG.TO","ALTER NRG","Unknown","Toronto"
"PIX.TO","PEER 1 NETWORK","Unknown","Toronto"
"DGI-UN.TO","THE DATA GROUP TU","Unknown","Toronto"
"UMJ.TO","URSA MAJOR MINERALS","Unknown","Toronto"
"IEF-UN.TO","INNERGEX TRUST UTS","Unknown","Toronto"
"CSA.TO","COMMERCIAL SOLUTION","Unknown","Toronto"
"XCM-PA.TO","COMM SPLIT PRIOR EQ","Unknown","Toronto"
"SHR.TO","SURE ENERGY","Unknown","Toronto"
"GRO-UN.TO","SUN GRO HORT INCME","Unknown","Toronto"
"AAL-A.TO","ADS","Unknown","Toronto"
"KTI.TO","KELMAN TECH","Unknown","Toronto"
"ESL.TO","ENGHOUSE SYSTEMS","Unknown","Toronto"
"CRG.TO","CORONA GOLD","Unknown","Toronto"
"MRD.TO","MELCOR DEVELOPMENTS","Unknown","Toronto"
"QAR.TO","QUESTAIR TECH","Unknown","Toronto"
"GAR.TO","GARNEAU","Unknown","Toronto"
"CUR.TO","DIAGNOCURE","Unknown","Toronto"
"CLB-UN.TO","COLABOR INCOME UTS","Unknown","Toronto"
"WZL.TO","WENZEL DOWNHOLE","Unknown","Toronto"
"XMF-PA.TO","M SPLIT 14 PRIOR EQ","Unknown","Toronto"
"SLF-PD.TO","SUN LIFE4.45%NCP-A4","Unknown","Toronto"
"WIS.TO","PROD ENHANCEMENT","Unknown","Toronto"
"VIC-UN.TO","VICWEST INCOME TU","Unknown","Toronto"
"LNK.TO","CLUBLINK","Unknown","Toronto"
"MCZ.TO","MAD CATZ INTERACTIV","Unknown","Toronto"
"TCS.TO","TECSYS","Unknown","Toronto"
"RC.TO","RDM","Unknown","Toronto"
"FRC.TO","CANYON SERVICES","Unknown","Toronto"
"NMC.TO","NEWMONT MINING EXCH","Unknown","Toronto"
"PRX.TO","PROTOX THERAPEUTICS","Unknown","Toronto"
"FEI.TO","FORTRESS ENERGY","Unknown","Toronto"
"CRP.TO","CERES GLOBAL AG","Unknown","Toronto"
"AVK.TO","AVNEL GOLD MINING","Unknown","Toronto"
"TLN.TO","THALLION PHARM","Unknown","Toronto"
"YPG-PB.TO","YPG 5 % CRP-2","Unknown","Toronto"
"NA-PP.TO","NATL BK NCP1ST-26","Unknown","Toronto"
"PCG.TO","POWERCOMM","Unknown","Toronto"
"PZA-UN.TO","PIZZA PIZ ROYL TU","Unknown","Toronto"
"LFE.TO","CDN LFE COS SPLIT-A","Unknown","Toronto"
"UXE.TO","US GOLD AQUISITION","Unknown","Toronto"
"SAB.TO","SABRETOOTH ENERGY","Unknown","Toronto"
"QSR-UN.TO","PRISZM INCOME TU","Unknown","Toronto"
"HRX.TO","HEROUX-DEVTEK","Unknown","Toronto"
"GEO.TO","POLARIS GEOTHERM-A","Unknown","Toronto"
"UNS.TO","UNI SELECT","Unknown","Toronto"
"LIR.TO","LABRADOR IRON","Unknown","Toronto"
"FBS-B.TO","5BANC SPLIT-B","Unknown","Toronto"
"GS.TO","GLUSKIN SHEFF VTG","Unknown","Toronto"
"VMY.TO","VOICE MOBILITY INTL","Unknown","Toronto"
"TWT.TO","20-20 TECHNOLOGIES","Unknown","Toronto"
"SFK-UN.TO","SFK PULP FD","Unknown","Toronto"
"CKI.TO","CLARKE","Unknown","Toronto"
"EE.TO","EXALL ENERGY","Unknown","Toronto"
"AZ.TO","ARMISTICE RESOURCES","Unknown","Toronto"
"CWX-UN.TO","CANWEL BLDG MAT TU","Unknown","Toronto"
"ATG.TO","ATLANTA GOLD","Unknown","Toronto"
"PRI-UN.TO","PRIM ENERG EIS UT17","Unknown","Toronto"
"PTO.TO","PARETO","Unknown","Toronto"
"FTN-PA.TO","FINANCIAL PFD 15","Unknown","Toronto"
"DFI.TO","DIAMOND FIELDS INTL","Unknown","Toronto"
"BAD-UN.TO","BADGER INCM TR UTS","Unknown","Toronto"
"L-PA.TO","LOWBL 5.95%PFD2ND-A","Unknown","Toronto"
"AMB.TO","AMBRILIA BIOPHARMA","Unknown","Toronto"
"SXP-UN.TO","SUPREMEX INCOME TU","Unknown","Toronto"
"DZR.TO","DIAZ RESOURCES","Unknown","Toronto"
"WIX.TO","WINSTAR RESOURCES","Unknown","Toronto"
"CGR.TO","CLAYMORE GLB REAL","Unknown","Toronto"
"KDX.TO","KLONDEX MINES","Unknown","Toronto"
"BCE-PD.TO","BCE PFD -AD","Unknown","Toronto"
"SO.TO","SOFTCHOICE","Unknown","Toronto"
"CM-PR.TO","4.95CDN IM NCCP-A19","Unknown","Toronto"
"CYB.TO","CYMBRIA-A","Unknown","Toronto"
"NPC.TO","ALLON THERAPEUTICS","Unknown","Toronto"
"HSL.TO","HSE INTEGRATED","Unknown","Toronto"
"TI-UN.TO","TERRAVEST INCOME TU","Unknown","Toronto"
"PFC.TO","PETROFALCON","Unknown","Toronto"
"MTI.TO","MTI GLOBAL","Unknown","Toronto"
"RE.TO","ROCK ENERGY","Unknown","Toronto"
"MFC-PB.TO","MANULI 4.65%NCRP-A2","Unknown","Toronto"
"KBL-UN.TO","K-BRO LINEN INCO TU","Unknown","Toronto"
"MFC-PA.TO","MANULIFE PFD-A-S-1","Unknown","Toronto"
"CVT.TO","CVTECH GROUP","Unknown","Toronto"
"HLR-UN.TO","HOLLOWAY LODGING-TU","Unknown","Toronto"
"DD.TO","DDS WIRELESS INTL","Unknown","Toronto"
"CM-PI.TO","CIBC 4.7% NCPFD-A31","Unknown","Toronto"
"FTU-PA.TO","US FINA15 SPL PFD-A","Unknown","Toronto"
"EG.TO","ENGLOBE","Unknown","Toronto"
"MSH.TO","MEDISOLUTION","Unknown","Toronto"
"FTU.TO","US FINANC15 SPLIT-A","Unknown","Toronto"
"HAU.TO","HORI BP DJ-AIG TU-A","Unknown","Toronto"
"GSY.TO","ARGOSY ENERGY","Unknown","Toronto"
"DWL-UN.TO","DEEPWELL ENERGY TU","Unknown","Toronto"
"PBC.TO","PEBERCAN","Unknown","Toronto"
"MYG.TO","METHYLGENE","Unknown","Toronto"
"MEG-UN.TO","MADACY ENTERTAIN-TU","Unknown","Toronto"
"LBS.TO","LIFE & BANC SPLIT-A","Unknown","Toronto"
"CIP-UN.TO","CI MASTER","Unknown","Toronto"
"MKX.TO","MKS","Unknown","Toronto"
"RY-PB.TO","RBC 4.7% NC1STP-AB","Unknown","Toronto"
"III.TO","IMPERIAL METALS","Unknown","Toronto"
"ET.TO","EVERTZ TECHNOLOGIES","Unknown","Toronto"
"ELF-PF.TO","E-L 5.30% 1STPFD-1","Unknown","Toronto"
"CYH.TO","CLAY GLBL MONTHLY","Unknown","Toronto"
"TCT-UN.TO","TOP 10 CDN FIN","Unknown","Toronto"
"AKT-A.TO","AKITA DRILLING -A","Unknown","Toronto"
"SLF-PE.TO","SUN LIFE 4.5%NCP-A5","Unknown","Toronto"
"COA.TO","COASTAL CONTACTS","Unknown","Toronto"
"GL.TO","GOLDEN PEAKS RES","Unknown","Toronto"
"RCH.TO","RICHELIEU HARDWARE","Unknown","Toronto"
"WRK-UN.TO","WHITEROCK REIT TU","Unknown","Toronto"
"TD-PM.TO","TORONTO 4.7CRPFD AM","Unknown","Toronto"
"PVC.TO","PET VALU CDA EXCH","Unknown","Toronto"
"CM-PH.TO","CANADIAN 4.8% NCP-A","Unknown","Toronto"
"IBG-UN.TO","IBI INCOME TU","Unknown","Toronto"
"DA-A.TO","DISCOVERY AIR-A","Unknown","Toronto"
"VLN.TO","VELAN","Unknown","Toronto"
"IRD.TO","INTL ROAD DYNAMIC","Unknown","Toronto"
"SDG-UN.TO","STONEHAM DRLLING TU","Unknown","Toronto"
"WPO.TO","WORLD POINT","Unknown","Toronto"
"SDI.TO","SPECTRAL DIAGNOSTIC","Unknown","Toronto"
"CX.TO","CYBERPLEX","Unknown","Toronto"
"CWA-UN.TO","COAST WHSL APPL TU","Unknown","Toronto"
"PHD.TO","PHONETIME","Unknown","Toronto"
"ALB.TO","ALLBANC SPLIT","Unknown","Toronto"
"GWO-PX.TO","4.8 GREAT NCP 1ST-E","Unknown","Toronto"
"YPG-PA.TO","YPG HLDG 4.25 CRP-1","Unknown","Toronto"
"ITP.TO","INTERTAPE POLYMER","Unknown","Toronto"
"EFL.TO","ELECTROVAYA","Unknown","Toronto"
"SLR.TO","SLTR EXPL&ROYLT","Unknown","Toronto"
"BDI-UN.TO","BLACK DIAMOND TU","Unknown","Toronto"
"SLF-PC.TO","SUN LIF 4.45%PFD-A3","Unknown","Toronto"
"BLZ.TO","BELZBERG TECH","Unknown","Toronto"
"LQW.TO","LIQUIDATION WORLD","Unknown","Toronto"
"VCM.TO","VECIMA NETWORKS","Unknown","Toronto"
"ISR.TO","INTL SOVERIGN ENRGY","Unknown","Toronto"
"SCR.TO","SCORE MEDIA","Unknown","Toronto"
"DOM-UN.TO","DOMINION CITRUS TU","Unknown","Toronto"
"ARL.TO","AFRICO RESOURCES","Unknown","Toronto"
"FIG-PA.TO","FAIRCOURT 6.25 PS","Unknown","Toronto"
"NA-PO.TO","NATL BK NCP1ST-24","Unknown","Toronto"
"MDF.TO","MEDIAGRIF INTER","Unknown","Toronto"
"ETC.TO","EQUITABLE GROUP","Unknown","Toronto"
"HII-A.TO","HOMBURG INVT-A","Unknown","Toronto"
"GWO-PI.TO","GREAT W 4.5%1NCRP-I","Unknown","Toronto"
"BLX.TO","BORALEX -A-","Unknown","Toronto"
"DNK.TO","DYNETEK INDUSTRIES","Unknown","Toronto"
"HYD.TO","HYDUKE ENERGY","Unknown","Toronto"
"BCE-PB.TO","BCE CRFP -AB","Unknown","Toronto"
"IAG-PC.TO","IND ALL NCP-A-C","Unknown","Toronto"
"SIM.TO","SIERRA MINERALS","Unknown","Toronto"
"TUN.TO","TUNDRA SEMICONDUCT","Unknown","Toronto"
"BAM-PH.TO","BROOKFLD -A-PFD S10","Unknown","Toronto"
"TD-PR.TO","TORON 5.6% NCRP-A-R","Unknown","Toronto"
"DFN-PA.TO","DIVIDEND 15SPLT PFD","Unknown","Toronto"
"RY-PD.TO","RYL BK 4.5% NCP 1AD","Unknown","Toronto"
"SLF-PA.TO","SUN LIFE NCRP-A-1","Unknown","Toronto"
"JDU.TO","JDS UN EXCH NON VTG","Unknown","Toronto"
"RY-PL.TO","RBC 1ST NCP-AL","Unknown","Toronto"
"BCE-PC.TO","BCE CCRP -AC","Unknown","Toronto"
"TD-PO.TO","TOR 4.85 NCPFD-A-O","Unknown","Toronto"
"LBS-PA.TO","LIFE & BANC5.25%CP","Unknown","Toronto"
"RY-PH.TO","RBC NCFP-AH","Unknown","Toronto"
"CSF.TO","CASH STORE FIN","Unknown","Toronto"
"GEN.TO","GENENEWS LTD","Unknown","Toronto"
"DF-PA.TO","DIVIDEND 15 SPL PFD","Unknown","Toronto"
"GD.TO","DISTINCTION","Unknown","Toronto"
"WJA-A.TO","WESTJET AIR VAR","Unknown","Toronto"
"PSV.TO","PURE ENERGY SERVICE","Unknown","Toronto"
"VLC.TO","VELOCITY MINERALS","Unknown","Toronto"
"KBR.TO","KIMBER RESOURCES","Unknown","Toronto"
"BCE-PH.TO","BCE 1ST PFD AH","Unknown","Toronto"
"CM-PJ.TO","CIBC 4.5 NCPFD-32","Unknown","Toronto"
"CU-PB.TO","CANADIAN6% CRP2ND-X","Unknown","Toronto"
"BCE-PF.TO","BCE 1ST PFD AF","Unknown","Toronto"
"BNS-PL.TO","BK NOVA 4.5% NCP-14","Unknown","Toronto"
"HPS-A.TO","HAMMOND POWR SVTG-A","Unknown","Toronto"
"SBN-PA.TO","S SPLIT14 5.25% CRP","Unknown","Toronto"
"PWC.TO","PACIFIC & WESTERN","Unknown","Toronto"
"FTP.TO","FORTRESS PAPER-A","Unknown","Toronto"
"CMG.TO","COMPUTER MODELLING","Unknown","Toronto"
"CMP-UN.TO","CMP GOLD TRUST","Unknown","Toronto"
"BYD-UN.TO","BOYD GROUP TR UTS","Unknown","Toronto"
"BMO-PL.TO","BMO NCPP-B-15","Unknown","Toronto"
"RIT-UN.TO","FIRST ASSET REIT TU","Unknown","Toronto"
"RY-PG.TO","RBC 4.5% NCFP-AG","Unknown","Toronto"
"KEG-UN.TO","THE KEG RYLTS UTS","Unknown","Toronto"
"LNF.TO","LEON'S FURNITURE","Unknown","Toronto"
"LFE-PA.TO","CDN LFE COS SPL PFD","Unknown","Toronto"
"PEF.TO","PETROFLOW ENERGY","Unknown","Toronto"
"CTY.TO","CALIAN TECHNOLOGIES","Unknown","Toronto"
"BMO-PJ.TO","BK MON NCPFD B 13","Unknown","Toronto"
"CMR.TO","CLAYMORE PREMIUM","Unknown","Toronto"
"RLC.TO","ROYAL LASER","Unknown","Toronto"
"BNS-PM.TO","BK NOVA 4.5% NCP-15","Unknown","Toronto"
"CM-PA.TO","CDN IM 5.3% NCP-A23","Unknown","Toronto"
"LCS-PA.TO","BROMPT14 5.25%PFD-A","Unknown","Toronto"
"NRX.TO","NOREX EXPL SERVICES","Unknown","Toronto"
"NIO.TO","NIOCAN","Unknown","Toronto"
"DF.TO","DIVIDEND 15 SPLIT-A","Unknown","Toronto"
"SUM.TO","SOLIUM CAPITAL","Unknown","Toronto"
"GBA.TO","GLOBALBANC ADVN-A","Unknown","Toronto"
"FAR.TO","FORACO INTL. N.","Unknown","Toronto"
"BMR.TO","BRADMER PHARMACEUT","Unknown","Toronto"
"VFF-UN.TO","VILLAGE FARMS TU","Unknown","Toronto"
"BNS-PP.TO","BNS NCP-18","Unknown","Toronto"
"ND.TO","NEW DAWN MINING","Unknown","Toronto"
"SLF-PB.TO","SUN LIFE NCP-A 2","Unknown","Toronto"
"RPB-PA.TO","ROC PREF4.4% CRP 12","Unknown","Toronto"
"AFP-UN.TO","AGF MASTER LTD PART","Unknown","Toronto"
"OBP.TO","ONDINE BIOPHARMA","Unknown","Toronto"
"RY-PI.TO","ROYAL BK 1ST PFD-AJ","Unknown","Toronto"
"BMO-PN.TO","BMO NCP-18","Unknown","Toronto"
"BMO-PK.TO","BK MONT NCPPFD-B-14","Unknown","Toronto"
"RY-PN.TO","RBC 1ST NCP-AN","Unknown","Toronto"
"CVG.TO","CLAIRVEST GRP","Unknown","Toronto"
"EWP-UN.TO","1ST ASSET PIPES -TU","Unknown","Toronto"
"NEW-PB.TO","NEWGRWTH PFD-B-1","Unknown","Toronto"
"BAM-PO.TO","BROOK ASSET CP-A-21","Unknown","Toronto"
"HWD-UN.TO","HRDWDS DIST INCM-TU","Unknown","Toronto"
"RY-PW.TO","ROYAL BK CDA NCP-W","Unknown","Toronto"
"ESY.TO","ESI ENTERTAINMENT","Unknown","Toronto"
"FN-UN.TO","1ST NAT FIN INC-TU","Unknown","Toronto"
"BAM-PB.TO","BROOKFLD -A-PFD SE2","Unknown","Toronto"
"WFI.TO","WATERFURNACE RENEW","Unknown","Toronto"
"RNK.TO","RAINMAKER ENTMT","Unknown","Toronto"
"HWO.TO","HIGH ARCTIC EGY","Unknown","Toronto"
"XPL.TO","XPLORE TECHNOLOGIES","Unknown","Toronto"
"TD-PP.TO","TD 5.25%NCP 1ST-A-P","Unknown","Toronto"
"BRE-UN.TO","BROOKFIELD REAL EST","Unknown","Toronto"
"ISC.TO","IROC EGY SVCS","Unknown","Toronto"
"AW-UN.TO","A&W REVENUE FD UTS","Unknown","Toronto"
"SXI.TO","SYNEX INTL INC","Unknown","Toronto"
"BCE-PY.TO","BCE CRP 1ST -Y-","Unknown","Toronto"
"GLN.TO","GLENTEL","Unknown","Toronto"
"TD-PN.TO","TD 4.6%NCRC1STP-A-N","Unknown","Toronto"
"ISN.TO","INSIGNIA EGY","Unknown","Toronto"
"SCU-UN.TO","SECOND CUP ROYAL TU","Unknown","Toronto"
"CGO.TO","COGECO INC","Unknown","Toronto"
"ADN-UN.TO","ACADIAN TIMBER INCM","Unknown","Toronto"
"PDM-UN.TO","PDM ROY INCME FD TU","Unknown","Toronto"
"GWO-PJ.TO","GREAT NCP 1ST-J","Unknown","Toronto"
"CBW-PA.TO","COPERNICAN WRLD PFD","Unknown","Toronto"
"BAM-PC.TO","BROOKFLD -A-PFD SE4","Unknown","Toronto"
"CHL-UN.TO","CDN HELICOPTER INCM","Unknown","Toronto"
"BE-PA.TO","BROMPTON EQUITY","Unknown","Toronto"
"SQP-UN.TO","STRONGCO INCOME-TU","Unknown","Toronto"
"GDS.TO","GENDIS","Unknown","Toronto"
"CFN-UN.TO","CARFINO TRUST UNITS","Unknown","Toronto"
"EPF-UN.TO","ENERGY PLUS TR UTS","Unknown","Toronto"
"STB-UN.TO","Student Transportation Of America","Unknown","Toronto"
"SWS-UN.TO","SWISS WATR TRUST UT","Unknown","Toronto"
"CWH.TO","CHARTWELL TECH","Unknown","Toronto"
"AIF-UN.TO","ALTUS GROUP TU","Unknown","Toronto"
"DW-PA.TO","DUNDEEW 4.75% CRP-1","Unknown","Toronto"
"ECH.TO","ENERCHEM INTL","Unknown","Toronto"
"BCE-PI.TO","BCE 1ST PFD AI","Unknown","Toronto"
"XDC.TO","XTREME COIL DRILLIN","Unknown","Toronto"
"IGM-PA.TO","IGM FINANCIAL 5.75","Unknown","Toronto"
"KOS.TO","COSSETTE SUB VTG","Unknown","Toronto"
"PDV.TO","PRIME DIVIDEND","Unknown","Toronto"
"PTZ.TO","PETHEALTH","Unknown","Toronto"
"MKP.TO","MCAN MORTGAGE","Unknown","Toronto"
"BRB.TO","BRICK BREWING LTD","Unknown","Toronto"
"BNS-PN.TO","BK NOV 5.25% NCP-16","Unknown","Toronto"
"FGX.TO","FAIRCOURT GOLD A","Unknown","Toronto"
"BNS-PK.TO","BK NOVA SCO NCP-13","Unknown","Toronto"
"BAM-PN.TO","BRKFD 4.75% CP-A-18","Unknown","Toronto"
"CM-PG.TO","CDN IMPERL NCRP-A29","Unknown","Toronto"
"NSI-PD.TO","NOVA SC5.9%CRP1ST-D","Unknown","Toronto"
"BNA-PB.TO","BAM SPL CORP PFD-AA","Unknown","Toronto"
"XSR.TO","CANADIAN SAT SVTG-A","Unknown","Toronto"
"ASF.TO","ACUITY SMALL CAP-A","Unknown","Toronto"
"BNS-PJ.TO","NS 5.25% NCRPFD-12","Unknown","Toronto"
"CM-PE.TO","CDN IMP 5.6%NCRP-27","Unknown","Toronto"
"MVX.TO","MAVRIX FUND MGMT","Unknown","Toronto"
"CEU-UN.TO","CDN EGY SVCS-A","Unknown","Toronto"
"BPP.TO","BPO PROPERTIES","Unknown","Toronto"
"RY-PA.TO","ROY 4.45% NC1STP-AA","Unknown","Toronto"
"CLF-A.TO","CLAYMORE 1-5 YR LAD","Unknown","Toronto"
"BAM-PM.TO","BRKFIE4.75% CCP-A17","Unknown","Toronto"
"LRT-UN.TO","LANESBOROUGH TR UTS","Unknown","Toronto"
"SZ.TO","SCEPTRE INVT COUNS","Unknown","Toronto"
"BNS-PO.TO","BNS NCP-17","Unknown","Toronto"
"MFC-PC.TO","MAN 4.5% NCRPFD -A3","Unknown","Toronto"
"LRI.TO","LAB RESEARCH","Unknown","Toronto"
"GWO-PG.TO","GREAT 5.2 NC 1PFD-G","Unknown","Toronto"
"SRV-UN.TO","SIR ROYALTY INCO TU","Unknown","Toronto"
"CTO.TO","CIRCA ENTERPRISES","Unknown","Toronto"
"WN-PE.TO","GEORGE 4.75CCRP-V","Unknown","Toronto"
"GWO-PH.TO","G WST4.85 NCPFD-H","Unknown","Toronto"
"TD-PQ.TO","TD 5.6% NCP 1ST-A-Q","Unknown","Toronto"
"RY-PE.TO","RBC 4.5% NCP-AE","Unknown","Toronto"
"ES.TO","ENERGY SPLIT CORP","Unknown","Toronto"
"SSI-UN.TO","STERLING SHOES TU","Unknown","Toronto"
"CWG.TO","CRAIG WIREL SUB VTG","Unknown","Toronto"
"REK.TO","REKO INTL GROUP","Unknown","Toronto"
"AZZ.TO","AZCAR TECHNOLOGIES","Unknown","Toronto"
"EPP-PA.TO","EPCOR POW4.85 CRP-1","Unknown","Toronto"
"SDC.TO","SEACLIFF CONSTR","Unknown","Toronto"
"SRQ-UN.TO","SCOTT'S REIT","Unknown","Toronto"
"BSD-PA.TO","BRASCAN 6 % PFD","Unknown","Toronto"
"NA-PL.TO","NATL BK 4.85 PFD-16","Unknown","Toronto"
"RY-PF.TO","RBC 4.45 NCP-AF","Unknown","Toronto"
"MPC.TO","MADISON PPY -B-","Unknown","Toronto"
"ACC.TO","AMICA MATURE LIFEST","Unknown","Toronto"
"WN-PC.TO","GEORGE 5.2 PFD III","Unknown","Toronto"
"GWI.TO","GENESIS WORLDWIDE","Unknown","Toronto"
"CDL-A.TO","CORBY DISTILLERIES","Unknown","Toronto"
"GMX.TO","GLOBEX MINING ENTPR","Unknown","Toronto"
"TMA-UN.TO","TRIMAC INCOME TU","Unknown","Toronto"
"LOX.TO","LOREX TECHNOLOGY","Unknown","Toronto"
"BNS-PR.TO","BNS NCP-22","Unknown","Toronto"
"ANS.TO","AINSWORTH REG S","Unknown","Toronto"
"AUI.TO","ALTAGAS UTILITY GP","Unknown","Toronto"
"POW-PD.TO","POWER 5 % NC1PFD-D","Unknown","Toronto"
"HOC.TO","HERITAGE OIL EXCH","Unknown","Toronto"
"UST-PA.TO","UTILITY SPLIT 6% PS","Unknown","Toronto"
"MPX-UN.TO","IMPAX ENRGY SVCS TU","Unknown","Toronto"
"BMO-PH.TO","5.3BK MNTRL NCP-B-5","Unknown","Toronto"
"BCE-PS.TO","BCE 1ST PFD-S","Unknown","Toronto"
"BCE-PA.TO","BCE FPFD SER-AA","Unknown","Toronto"
"SBC.TO","BROMPTON SPLIT -A-","Unknown","Toronto"
"BCE-PR.TO","BCE CRFPF S-R","Unknown","Toronto"
"BE.TO","BROMPTON EQUITY-A","Unknown","Toronto"
"BOS.TO","AIRBOSS OF AMER","Unknown","Toronto"
"BBD-PC.TO","6.25 BOMBARD CCRP-4","Unknown","Toronto"
"NBF.TO","NB SPLIT","Unknown","Toronto"
"CBW.TO","COPERNICAN WORLD-A","Unknown","Toronto"
"HSB-PC.TO","HSBC BK NCRP-1-C","Unknown","Toronto"
"SOM-UN.TO","SOMERSET ENTNT TU","Unknown","Toronto"
"INQ.TO","INSCAPE SVTG -B","Unknown","Toronto"
"FNA-UN.TO","FIRST NAT ALAR-TU-A","Unknown","Toronto"
"SBC-PA.TO","BROMPTON SPLIT PFD","Unknown","Toronto"
"GBT-A.TO","BMTC GROUPE -A","Unknown","Toronto"
"SM.TO","SEAMARK ASSET MNGMT","Unknown","Toronto"
"CL-PB.TO","CANADA LIFEPFD-B WI","Unknown","Toronto"
"BAM-PJ.TO","BROOKFLD -A-PFD S12","Unknown","Toronto"
"RPA-PA.TO","ROC PREF II PFD","Unknown","Toronto"
"MEQ.TO","MAINSTREET EQUITY","Unknown","Toronto"
"TD-PA.TO","TDB NCP-AA","Unknown","Toronto"
"GIN.TO","GLENDALE INTL","Unknown","Toronto"
"FAL-PB.TO","XSTRATA CDA CP-3","Unknown","Toronto"
"PWF-PK.TO","POWER 4.95 NCPFD-K","Unknown","Toronto"
"BNB.TO","BAM INVESTMENTS","Unknown","Toronto"
"GBI.TO","GLOBAL RAILWAY IND","Unknown","Toronto"
"HCI-UN.TO","HARTCO INCOME-TU","Unknown","Toronto"
"YLD-PA.TO","SPLIT YIELD PFD I","Unknown","Toronto"
"BBD-PB.TO","BOMBARDIER CRP-2","Unknown","Toronto"
"CIU-PA.TO","CU 4.6 % CRP-1","Unknown","Toronto"
"BNS-PQ.TO","BNS NCP-20","Unknown","Toronto"
"ASC.TO","AIC GLBL FIN SPLT-A","Unknown","Toronto"
"POW-PB.TO","POWER 5.35% NCPFD-B","Unknown","Toronto"
"XTD-PA.TO","TDB SPLIT14 5.25CRP","Unknown","Toronto"
"MOY.TO","MOYDOW MINES INTL","Unknown","Toronto"
"ENB-PA.TO","ENBRIDG 5.5%CRPFD-A","Unknown","Toronto"
"STW-PA.TO","STRATA INCOME 6% PS","Unknown","Toronto"
"BMO-PM.TO","BMO NCP-B-16","Unknown","Toronto"
"BPO-PI.TO","BROOK CAD 1.3-AAA-I","Unknown","Toronto"
"CGS-A.TO","CANWEST GLOBAL VTG","Unknown","Toronto"
"GAS.TO","CLAYMORE NATURAL","Unknown","Toronto"
"TD-PC.TO","TDB NCP-AC","Unknown","Toronto"
"BPO-PJ.TO","BROOKF PREF -AAA-J","Unknown","Toronto"
"BWT.TO","BLACKWATCH EGY","Unknown","Toronto"
"CM-PD.TO","CIBC 5.75% NCCRPFD","Unknown","Toronto"
"EAT-UN.TO","PRIME RESTAURNT UTS","Unknown","Toronto"
"CYY.TO","CORETEC","Unknown","Toronto"
"AVP.TO","AVCORP INDS","Unknown","Toronto"
"GSX-PA.TO","GLOBAL RES SPLT PFD","Unknown","Toronto"
"MKZ-UN.TO","MACKENZIE MSTR-UTS","Unknown","Toronto"
"HBP.TO","HELIX BIOPHARMA","Unknown","Toronto"
"CU-PA.TO","CANDIAN UTIL CRP-W","Unknown","Toronto"
"BT-UN.TO","BONNETT'S ENERGY TU","Unknown","Toronto"
"CM-PK.TO","CIBC NCP-A-33","Unknown","Toronto"
"DPI-UN.TO","DRIVE PRODUCTS TU","Unknown","Toronto"
"WN-PA.TO","GEORGE  5.8%-1 PFD","Unknown","Toronto"
"MGN.TO","MAGNOTTA WINERY","Unknown","Toronto"
"HAX.TO","HOR AP MAN S&P TU-E","Unknown","Toronto"
"IAM.TO","INTEGRATED ASSET","Unknown","Toronto"
"BSC.TO","BNS SPLIT II","Unknown","Toronto"
"SMT.TO","SAMUEL MANU-TECH","Unknown","Toronto"
"RBS.TO","R SPLIT III","Unknown","Toronto"
"IPI-A.TO","IPL","Unknown","Toronto"
"CM-PP.TO","CDN IMP 5.5% NCPA18","Unknown","Toronto"
"XMC.TO","XCEED MORTGAGE","Unknown","Toronto"
"COF.TO","COVENTREE","Unknown","Toronto"
"BES.TO","BESTAR INC","Unknown","Toronto"
"NA-PM.TO","NATL BK6% NCP1ST-20","Unknown","Toronto"
"BAM-PK.TO","BROOKFLD -A-PFD S13","Unknown","Toronto"
"BNG.TO","BENGAL ENERGY","Unknown","Toronto"
"FTS-PF.TO","FORTIS 4.9% FPCRP-F","Unknown","Toronto"
"GBA-PA.TO","GLOBALBANC ADVN PFD","Unknown","Toronto"
"TCL-B.TO","TRANSCONTINENTAL- B","Unknown","Toronto"
"PPX.TO","PRISTINE POWER","Unknown","Toronto"
"RPI-UN.TO","RICHARDSON PCKNG TU","Unknown","Toronto"
"HDU.TO","HOR BP US DLR TU-A","Unknown","Toronto"
"BCE-PZ.TO","BCE 1ST CRP-Z","Unknown","Toronto"
"DC-PA.TO","DUNDEE 5% CRP-1","Unknown","Toronto"
"PWF-PL.TO","POWER 5.1 NCPFD-L","Unknown","Toronto"
"POW-PA.TO","POWER 5.6% NCPFD-A","Unknown","Toronto"
"POW-PC.TO","POWER 5.8% NCPFD-C","Unknown","Toronto"
"ABO-B.TO","ARBOR MEM SVC-B","Unknown","Toronto"
"XNS.TO","THE XENOS GROUP","Unknown","Toronto"
"ELF-PG.TO","E-L 4.75% NCRP1ST-2","Unknown","Toronto"
"FTS-PG.TO","FORT CRR1ST PREF-G","Unknown","Toronto"
"PWF-PM.TO","POWER FINL NCP1ST-M","Unknown","Toronto"
"BNA-PC.TO","BAM 4.35% PFD AA 3","Unknown","Toronto"
"DCI-UN.TO","DIRECTCASH INCME-TU","Unknown","Toronto"
"RY-PC.TO","RBC 4.6 NCCRP-AC","Unknown","Toronto"
"GDI-UN.TO","GENERAL DONL TR UTS","Unknown","Toronto"
"TO-A.TO","11 TAX OPTIMIZED 13","Unknown","Toronto"
"FMO-UN.TO","FOREMOST INCOME","Unknown","Toronto"
"CBD.TO","CLAYMORE BAL INCOME","Unknown","Toronto"
"CCS-PC.TO","CO-OPR 5 % NCRP-E-C","Unknown","Toronto"
"BBL-A.TO","BRAMPTON BRICK LTD","Unknown","Toronto"
"BPO-PK.TO","BROOKF PREF -AAA-K","Unknown","Toronto"
"PCN.TO","PACRIM INTL CAPITAL","Unknown","Toronto"
"BPO-PH.TO","BROOKF PFD-AAA-H","Unknown","Toronto"
"KIH.TO","KINGSWAY INTL HLDGS","Unknown","Toronto"
"W-PJ.TO","WCOAST EN 5.6%CRP-8","Unknown","Toronto"
"TTH.TO","TRANSITION","Unknown","Toronto"
"HSB-PD.TO","HSBC BK CDA NCP-1-D","Unknown","Toronto"
"URB.TO","URBANA CORP","Unknown","Toronto"
"NDQ.TO","NOVADAQ TECHNOLOGIE","Unknown","Toronto"
"IM.TO","IMRIS","Unknown","Toronto"
"HDX.TO","HOSTED DATA","Unknown","Toronto"
"ICE.TO","CANLAN ICE","Unknown","Toronto"
"RME.TO","ROCKY MOUNTAIN","Unknown","Toronto"
"PAP-A.TO","H PAULIN -A-","Unknown","Toronto"
"OMG.TO","OPMEDIC GROUP","Unknown","Toronto"
"ADW-A.TO","ANDREW PEL NONVTG-A","Unknown","Toronto"
"BCI-UN.TO","BENV NEW LOOK UTS","Unknown","Toronto"
"SIS.TO","SAVARIA","Unknown","Toronto"
"CXC-PA.TO","CIX SPLIT 5 % PFD-A","Unknown","Toronto"
"STR.TO","FINANCIAL SVC CY","Unknown","Toronto"
"PWF-PF.TO","POWER 5.25 NCPFD-E","Unknown","Toronto"
"OCF.TO","OILSANDS CANADA","Unknown","Toronto"
"DSC.TO","DESTINY RES SVCS","Unknown","Toronto"
"LGI.TO","LOGIBEC GROUPE INFO","Unknown","Toronto"
"RTT.TO","ROCTEST LIMITED","Unknown","Toronto"
"PWF-PE.TO","POWER 5.5% NCPFD D","Unknown","Toronto"
"MRC.TO","MORGUARD","Unknown","Toronto"
"WCS-A.TO","WESCAST INDS-A","Unknown","Toronto"
"GWO-PE.TO","GR W L4.70%NC1PFD-D","Unknown","Toronto"
"PBL-UN.TO","POLLARD BANKNOTE-UT","Unknown","Toronto"
"WN-PD.TO","5.2 GEOR WES PFD-IV","Unknown","Toronto"
"CSU.TO","CONSTELLATION SOFT","Unknown","Toronto"
"TO-UN.TO","TAX OPTIMIZED ROC","Unknown","Toronto"
"ALB-PA.TO","ALLBANC SPLIT PFD-A","Unknown","Toronto"
"NA-PK.TO","NATL BK 5.85NCPFD15","Unknown","Toronto"
"TCA-PX.TO","TRANS5.6% CRP 1ST-U","Unknown","Toronto"
"ASC-PA.TO","AIC GBL FIN SPT PFD","Unknown","Toronto"
"MBN.TO","MIDDLEFIELD BANCORP","Unknown","Toronto"
"INE.TO","INNERGEX RENEWABLE","Unknown","Toronto"
"FP-UN.TO","FP NEWSPAPERS INCOM","Unknown","Toronto"
"FTS-PE.TO","FORTIS4.9% CRP1ST-E","Unknown","Toronto"
"XSC-UN.TO","XS CARGO INCOME-TU","Unknown","Toronto"
"FZP-UN.TO","FIDELITY PTNRSHP 96","Unknown","Toronto"
"CBD-A.TO","CLAYMORE BAL INCOME","Unknown","Toronto"
"MGT.TO","MINES MANAGEMENT","Unknown","Toronto"
"PWF-PG.TO","POWER 5.9% NCPFD-F","Unknown","Toronto"
"TD-PY.TO","TDB NCP-Y","Unknown","Toronto"
"W-PH.TO","WESCOAST 5.5 CFPD-7","Unknown","Toronto"
"YGA.TO","GASTAR EXPL","Unknown","Toronto"
"PNG.TO","PAC NORTHERN GAS","Unknown","Toronto"
"LB-PE.TO","LAURE5.25% NCP A-10","Unknown","Toronto"
"AF.TO","ALARMFORCE INDS","Unknown","Toronto"
"DMN-PA.TO","DOMINION CIT CRP-A","Unknown","Toronto"
"BCE-PG.TO","BCE 1ST PFD AG","Unknown","Toronto"
"CU-X.TO","CDA UTILITIES -B-","Unknown","Toronto"
"SPT-B.TO","SPECT EN CDA-B EXCH","Unknown","Toronto"
"TD-PS.TO","TDB NCP-S","Unknown","Toronto"
"BAM-PI.TO","BROOKFLD -A-PFD S11","Unknown","Toronto"
"WXI.TO","WEX PHARMACEUT-RSTR","Unknown","Toronto"
"OPM.TO","OPTA MINERALS","Unknown","Toronto"
"GRE-UN.TO","SENTRY SEL GLB","Unknown","Toronto"
"CDL-B.TO","CORBY DISTILLER.-B-","Unknown","Toronto"
"MPM.TO","MARKLAND AGF PREC","Unknown","Toronto"
"BPO-PF.TO","BROOKFLD CCRP-AAA-F","Unknown","Toronto"
"GHC.TO","GREY HORSE","Unknown","Toronto"
"PWF-PJ.TO","POWER 4.7% NCCRP-J","Unknown","Toronto"
"YLD-PB.TO","SPLIT YIELD PFD II","Unknown","Toronto"
"TXT-PA.TO","TOP 10 SPLIT PFD","Unknown","Toronto"
"BCE-PT.TO","BCE 1STCCRP-T","Unknown","Toronto"
"GFV-PA.TO","GLOBAL 45 SPLIT PFD","Unknown","Toronto"
"IAC.TO","AMISCO INDS LTD","Unknown","Toronto"
"ESP.TO","ESPIAL GROUP","Unknown","Toronto"
"FTS-PC.TO","FORTIS5.45%FPCCRP-C","Unknown","Toronto"
"CBN.TO","CLAYMORE BAL GROWTH","Unknown","Toronto"
"IAG-PA.TO","IND NCP-A-B","Unknown","Toronto"
"SRF.TO","SUN-RYPE","Unknown","Toronto"
"EH.TO","EASYHOME","Unknown","Toronto"
"AM.TO","AUTOMODULAR","Unknown","Toronto"
"AXB.TO","ABITIBIBOWATER EXCH","Unknown","Toronto"
"ACO-PA.TO","ATCO 5.75% CRP-3","Unknown","Toronto"
"RPQ-PA.TO","CONNOR4.7% CRPFD 11","Unknown","Toronto"
"BIG-PB.TO","BIG 8 SP13 PFD-B-1","Unknown","Toronto"
"PWF-PI.TO","POWER FINL 6 NCRP-I","Unknown","Toronto"
"CBU-PA.TO","FIRST ASSET 16 PFD","Unknown","Toronto"
"GPA-PA.TO","GLOBAL CREDIT PFD","Unknown","Toronto"
"CBN-A.TO","CLAYMORE BAL GROWTH","Unknown","Toronto"
"RIG-UN.TO","PANTERA DRILLING TU","Unknown","Toronto"
"BEK-B.TO","BECKER MILK CO.-B-","Unknown","Toronto"
"HMM-A.TO","HAMMOND MANUF -A-","Unknown","Toronto"
"PWF-PA.TO","PWR FINL CP 1ST-A","Unknown","Toronto"
"PRF-PA.TO","ROC PREF PFD","Unknown","Toronto"
"SOT-UN.TO","SPLIT REIT OPP TR","Unknown","Toronto"
"IQW-PD.TO","QUEBECOR CCRP-3","Unknown","Toronto"
"BAM-PG.TO","BROOK 5.63% CP-A-9","Unknown","Toronto"
"PWF-PH.TO","POWER 5.75% NCPFD-H","Unknown","Toronto"
"EN.TO","ENERGY SPLIT CRP","Unknown","Toronto"
"PWF-PD.TO","POWER 5.2% PFD -C","Unknown","Toronto"
"UNC.TO","UNITED CORP","Unknown","Toronto"
"EFH.TO","EGI FINANCIAL HLDGS","Unknown","Toronto"
"ORI.TO","ORGANIC RESOURCE","Unknown","Toronto"
"RCI-A.TO","ROGERS COMM CV-A","Unknown","Toronto"
"GWO-PF.TO","5.9 GREAT WE 1PFD-F","Unknown","Toronto"
"DGS-PA.TO","DIVID 14 5.25% CRP","Unknown","Toronto"
"MST-PA.TO","MULTI SELECT PFD SE","Unknown","Toronto"
"FCS-PA.TO","5.75 FAIR 11 PFD","Unknown","Toronto"
"ADC-PA.TO","AIC DVERS CDA PFD-A","Unknown","Toronto"
"HAD.TO","HORI BP DJ-AIG TU-A","Unknown","Toronto"
"TRZ-A.TO","TRANSAT A.T. VTG-A-","Unknown","Toronto"
"POW-PE.TO","POWER CDA PFD","Unknown","Toronto"
"ATD-A.TO","ALIMENT COUCHE -A","Unknown","Toronto"
"BXN-PB.TO","B SPLIT PFD -B-","Unknown","Toronto"
"AD.TO","ALARIS ROYALTY","Unknown","Toronto"
"ES-PB.TO","ENERGY SPLIT PFD-B","Unknown","Toronto"
"BBD-PD.TO","BOMBARDIER CRP-3","Unknown","Toronto"
"CFS-PA.TO","CDN FINL 4.25 PFD","Unknown","Toronto"
"NCC-A.TO","NFLD CAP CORP -A-","Unknown","Toronto"
"DND.TO","CIPHER PHARM","Unknown","Toronto"
"LB-PD.TO","LAUREN 6% NCPFD A-9","Unknown","Toronto"
"BBO-PA.TO","BIG BK BIG PFD-A","Unknown","Toronto"
"GDL.TO","GOODFELLOW INC","Unknown","Toronto"
"CFS.TO","CDN FINANCIALS -A","Unknown","Toronto"
"PIH.TO","PAC INS ELECTRS","Unknown","Toronto"
"MUH-PA.TO","MCM SPLIT  5.5 PFD","Unknown","Toronto"
"NFC.TO","NORTHERN FINANCIAL","Unknown","Toronto"
"TDS-B.TO","TD SPLIT CAP-B","Unknown","Toronto"
"NA-PN.TO","NATL BK NCP1ST-21","Unknown","Toronto"
"ABO-A.TO","ARBOR MEM SVC-A","Unknown","Toronto"
"GSX.TO","GLOBAL RES SPLIT-A","Unknown","Toronto"
"MPC-C.TO","MADISON PAC NVTG-C","Unknown","Toronto"
"RCL.TO","RIDLEY","Unknown","Toronto"
"TWH.TO","TRI-WHITE","Unknown","Toronto"
"TPX-B.TO","MOLSON EXCH-B","Unknown","Toronto"
"CHW-UN.TO","CHESSWOOD INCOME-TU","Unknown","Toronto"
"SYX.TO","SYNERGEX","Unknown","Toronto"
"GWL-PO.TO","GREAT-WEST NCP-O","Unknown","Toronto"
"BUC.TO","BUCKING HORSE","Unknown","Toronto"
"UNG-PC.TO","UNION 5.5% CRP-A-A","Unknown","Toronto"
"GLV-B.TO","GLV MLTP VTG-B","Unknown","Toronto"
"HIS.TO","HART STORES","Unknown","Toronto"
"CGR-A.TO","CLAYMORE GLBL REAL","Unknown","Toronto"
"LGT-B.TO","LOGISTEC CORP -B-","Unknown","Toronto"
"NBF-PA.TO","NB SPLIT 4.75 PFD-A","Unknown","Toronto"
"SJ.TO","STELLA JONES","Unknown","Toronto"
"BNA-PA.TO","BAM SPL CORP PFD-A","Unknown","Toronto"
"RBT.TO","R SPLIT II","Unknown","Toronto"
"TCK-A.TO","TECK COMINCO -A-","Unknown","Toronto"
"SPT-A.TO","SPECT EN CDA-A EXCH","Unknown","Toronto"
"ABK-PB.TO","ALLBANC PFD -B-","Unknown","Toronto"
"SMX.TO","SMTC MANUFACTR EXCH","Unknown","Toronto"
"GTK.TO","GUEST-TEK INT ENTN","Unknown","Toronto"
"WFC.TO","WALL FINANCIAL CORP","Unknown","Toronto"
"CYH-A.TO","CLAY GLBL MONTHLY","Unknown","Toronto"
"HLF.TO","HIGHLINER FOODS","Unknown","Toronto"
"TRI-PB.TO","THOMSON REUT PFD II","Unknown","Toronto"
"IDG.TO","INDIGO BOOKS&MUSIC","Unknown","Toronto"
"TGO.TO","TERAGO","Unknown","Toronto"
"BIG-A.TO","BIG 8 SPLIT","Unknown","Toronto"
"LSC.TO","LIFECO SPLIT CAP","Unknown","Toronto"
"BR-UN.TO","BIG ROCK BREW TR UT","Unknown","Toronto"
"HAR.TO","HARMONY ASSET","Unknown","Toronto"
"AR-PB.TO","ARGUS 2.70 CPREF B","Unknown","Toronto"
"PUB.TO","PUB STOR CNDN PROP","Unknown","Toronto"
"HTU.TO","HOR BP US30-YR TU-A","Unknown","Toronto"
"ACD.TO","ACCORD FINANCIAL","Unknown","Toronto"
"BRN-PA.TO","BROOKFIELD PFD 1A","Unknown","Toronto"
"BSC-PA.TO","BNS SPII10 4.25%PFD","Unknown","Toronto"
"SXT.TO","SIXTY SPLIT CAP-A","Unknown","Toronto"
"TCA-PY.TO","TRANS CAD2.80CR1P-Y","Unknown","Toronto"
"ZL-PA.TO","ZARLINK PFD-R&D","Unknown","Toronto"
"ALC.TO","ALGOMA CENTRAL CORP","Unknown","Toronto"
"RF-PA.TO","C A BANC 6.75% P-1","Unknown","Toronto"
"NSI-PC.TO","NOVA 4.9% CP 1ST-C","Unknown","Toronto"
"PWC-PA.TO","PACIFIC&WESTRN7CP-A","Unknown","Toronto"
"BCE-PE.TO","BCE 1ST PFD AE","Unknown","Toronto"
"LAS-A.TO","LASSONDE IND-A-VTG","Unknown","Toronto"
"ACF-UN.TO","IAT AIR CARGO","Unknown","Toronto"
"SOT-PA.TO","SPLIT REIT 5.75% PS","Unknown","Toronto"
"BAM-PE.TO","BROOK CP FR-A-8","Unknown","Toronto"
"BUI.TO","BUHLER INDUSTRIES","Unknown","Toronto"
"PFB.TO","PFB","Unknown","Toronto"
"GCG.TO","GUARDIAN CAP GROUP","Unknown","Toronto"
"MRG.TO","MERGCED EXCH NONVTG","Unknown","Toronto"
"HPF-PA.TO","HIGH INCOM PFD 12-1","Unknown","Toronto"
"VIP-PA.TO","BROMP 6% PFD SEC 09","Unknown","Toronto"
"AR-PD.TO","ARGUS 2.60CPREF A","Unknown","Toronto"
"EN-PA.TO","ENERGY SPLT ROC PFD","Unknown","Toronto"
"BPP-PG.TO","BPO PROPERT PFD-G","Unknown","Toronto"
"FPR-PA.TO","FIN PREF 16 5% PFD","Unknown","Toronto"
"IQW-PC.TO","QUEBECOR 6.9%CCRP-5","Unknown","Toronto"
"DL.TO","DANIER LEATHER","Unknown","Toronto"
"CXA-B.TO","CONS HCI HOLDING-B-","Unknown","Toronto"
"AR-PA.TO","ARGUS 2.50CPREF A","Unknown","Toronto"
"CGI-PB.TO","CND GEN INV CRP-A2-","Unknown","Toronto"
"HCX.TO","BARRICK GOLD EXCH","Unknown","Toronto"
"ADC.TO","AIC DIVERS CDA SPLT","Unknown","Toronto"
"YLD.TO","SPLIT YIELD","Unknown","Toronto"
"HPF-PB.TO","HIGH INCOM PFD 12-2","Unknown","Toronto"
"LMI.TO","LEGG MASON CDA HLDG","Unknown","Toronto"
"ABK-A.TO","ALLBANC SPLIT-A","Unknown","Toronto"
"CXY.TO","CRYPTOLOGIC EXCH","Unknown","Toronto"
"WCM-A.TO","WILMINGTON CAPTAL-A","Unknown","Toronto"
"CBY.TO","CANADA BREAD CO","Unknown","Toronto"
"BMT.TO","BMONT SPLIT CAP09","Unknown","Toronto"
"CGI-PC.TO","CDN 3.9% CRPFD A-3","Unknown","Toronto"
"EVT.TO","ECONOMIC INV TRUST","Unknown","Toronto"
"RBS-PA.TO","R SPLIT III 4.5%PFD","Unknown","Toronto"
"SCL-B.TO","SHAWCOR-B","Unknown","Toronto"
"SEC.TO","SENVEST CAPITAL","Unknown","Toronto"
"TDS-PB.TO","TD SPLIT -B- PFD","Unknown","Toronto"
"HCH.TO","CANADIAN PAC HOLDRS","Unknown","Toronto"
"STR-E.TO","FINANCIAL SVC ED","Unknown","Toronto"
"POW-PF.TO","POWER CRP 1ST 1986","Unknown","Toronto"
"HII-B.TO","HOMBURG VTG-B","Unknown","Toronto"
"OST-PA.TO","OIL SANDS 8.5 % PS","Unknown","Toronto"
"SLS-PA.TO","SL SPLIT RED PFD","Unknown","Toronto"
"ELF.TO","EL FINL","Unknown","Toronto"
"ARX.TO","ARC RES EXCH-A","Unknown","Toronto"
"BMT-PA.TO","BMONT 4.5% CRP 09","Unknown","Toronto"
"KNA-UN.TO","KEYSTONE IPS UTS 17","Unknown","Toronto"
"EVT-PA.TO","ECONOMIC INV5% CP-A","Unknown","Toronto"
"PNG-PA.TO","PAC NRTHERN6.75%CRP","Unknown","Toronto"
"LGT-A.TO","LOGISTEC -A-","Unknown","Toronto"
"UNC-PB.TO","UTD CORP 5% 2PR 59","Unknown","Toronto"
"ACO-Y.TO","ATCO CL 2 VTG","Unknown","Toronto"
"SXT-PA.TO","SIXTY SPLIT PFD -A-","Unknown","Toronto"
"RBT-PA.TO","R SPLIT II PFD-A","Unknown","Toronto"
"ATP.TO","ATLANTIC POWER","Unknown","Toronto"
"CTC.TO","CDN TIRE CORP","Unknown","Toronto"
"LSC-PC.TO","LIFECO SPLT PFD-C","Unknown","Toronto"
"MIM-B.TO","MI DEVELOPMENT-B","Unknown","Toronto"
"HUX.TO","HEARX CANADA EXCH","Unknown","Toronto"
"DII-A.TO","DOREL INDUSTRIES","Unknown","Toronto"
"TPX-A.TO","MOLSON EXCH-A","Unknown","Toronto"
"ADW-B.TO","ANDREW PELLER-B","Unknown","Toronto"
"TAP-A.TO","MOLSON COORS BREW-A","Unknown","Toronto"
"MET.TO","METALORE RES","Unknown","Toronto"
"WES-PB.TO","WESTERN PFD 1ST-4","Unknown","Toronto"
"ACM-B.TO","ASTRAL MEDIA-B","Unknown","Toronto"
"WCM-B.TO","WILMINGTON CAPTAL-B","Unknown","Toronto"
"BPP-PJ.TO","BPO PROPER CRP-J","Unknown","Toronto"
"CCL-A.TO","CCL INDS -A-","Unknown","Toronto"
"MHR.TO","MC-GRAW-HILL RYER","Unknown","Toronto"
"WES-PA.TO","WEST 6.75% CP 1ST-3","Unknown","Toronto"
"UNG-PD.TO","UNION GAS 6 CRP B","Unknown","Toronto"
"CMR-A.TO","CLAYMORE PREMIUM","Unknown","Toronto"
"GCT-C.TO","GVIC COMM NON VTG-C","Unknown","Toronto"
"UNC-PC.TO","UTD CORP 5% 2 PR 63","Unknown","Toronto"
"NCC-B.TO","NEWFOUNDLAND CAP B","Unknown","Toronto"
"UNC-PA.TO","UNITED 5% CP 1ST","Unknown","Toronto"
"ZOG-B.TO","ZARGON OIL & G EXCH","Unknown","Toronto"
"HLF-A.TO","HIGH LINER EQ","Unknown","Toronto"
"AKT-B.TO","AKITA DRILLING -B","Unknown","Toronto"
"GCT.TO","GVIC COMM-B","Unknown","Toronto"
"GII-UN.TO","GLOBAL DIVER 5-1 TU","Unknown","Toronto"
"CSR-UN.TO","CITADEL STABLE TU","Unknown","Toronto"
"KSP-UN.TO","KINGSWAY PFD RRC TU","Unknown","Toronto"
"CLO-A.TO","CLAYMORE OIL SANDS","Unknown","Toronto"
"BBO.TO","BIG BANK BIG OIL-A","Unknown","Toronto"
"CTD-UN.TO","CITADEL DIVERS 12","Unknown","Toronto"
"SLE-M.TO","SL 7.093% SLEECS52B","Unknown","Toronto"
"GTU-UN.TO","CENTRAL GOLDTRUST","Unknown","Toronto"
"AGB-UN.TO","GLOBAL AGRIBUS TU","Unknown","Toronto"
"DIF-UN.TO","CLARTN INC&GRW-TU","Unknown","Toronto"
"FAI-UN.TO","FIRST ASSET GLOBAL","Unknown","Toronto"
"CPF-UN.TO","CITADEL PREM INC TU","Unknown","Toronto"
"ADJ-UN.TO","ADJUST 15 RED UTS","Unknown","Toronto"
"AEU-UN.TO","ACTIVENERGY INCM TU","Unknown","Toronto"
"NYF-UN.TO","NRTHWTR FIVE-YEAR09","Unknown","Toronto"
"OSF-UN.TO","OIL SANDS SECTOR TU","Unknown","Toronto"
"SBN.TO","S SPLIT 14 -A","Unknown","Toronto"
"STF-UN.TO","SCITI TOTAL RET TU","Unknown","Toronto"
"CDZ-A.TO","CLAYMORE CDN DIV-UT","Unknown","Toronto"
"CPM-UN.TO","COPERNICAN INTL TU","Unknown","Toronto"
"EXI-UN.TO","EXCEL INDIA","Unknown","Toronto"
"PAM-UN.TO","PRO-AMS U.S TR","Unknown","Toronto"
"STQ-E.TO","INCOME STREAMS-ED","Unknown","Toronto"
"FC-UN.TO","FIRM CAP MTG INVTMT","Unknown","Toronto"
"SRC-UN.TO","SERIES S-1 TR UTS","Unknown","Toronto"
"SDF-UN.TO","SIGN DIV VALU TR TU","Unknown","Toronto"
"DTF-UN.TO","DIVERSITRUST TR UTS","Unknown","Toronto"
"DGD-UN.TO","DIVERSIGLOBAL TU","Unknown","Toronto"
"DG-UN.TO","GLOBAL DIV 16TU04-1","Unknown","Toronto"
"CGI.TO","CDN GENL INV LTD","Unknown","Toronto"
"AN-DB.TO","6.2 ALEX14 SCVDEB-A","Unknown","Toronto"
"XSU.TO","ISHS CDN RUSSELL TU","Unknown","Toronto"
"CHF-UN.TO","CITADEL TRUST UTS","Unknown","Toronto"
"TMC.TO","TIMBERCREEK-A","Unknown","Toronto"
"SDL-UN.TO","CITADEL S-1 INCO TR","Unknown","Toronto"
"CNM-UN.TO","CDN INC MGMT 12 TU","Unknown","Toronto"
"SIT-UN.TO","SENTRY  TRUST UTS","Unknown","Toronto"
"MXT-UN.TO","MSP MAXXUM TRUST UT","Unknown","Toronto"
"ARA-PB.TO","ART ADVANCED PFD-2","Unknown","Toronto"
"STZ-UN.TO","STARS INC TRUST UTS","Unknown","Toronto"
"CIW-UN.TO","COPERNICAN WORLD TU","Unknown","Toronto"
"FCS-UN.TO","FAIRCOURT SPLIT-TU","Unknown","Toronto"
"FTF-UN.TO","FOCUSED GLBL TU-A","Unknown","Toronto"
"TSF-UN.TO","SENTRY SELECT TU","Unknown","Toronto"
"FHT-UN.TO","FIRST TR/HIGH UTS","Unknown","Toronto"
"SG-UN.TO","STONE TOTAL RETR TU","Unknown","Toronto"
"SFG-UN.TO","SS FC GRTH&INCME-TU","Unknown","Toronto"
"MUH-A.TO","MCM SPLIT SHARE -A-","Unknown","Toronto"
"MGS-UN.TO","SENTRY SEL MBS-TU","Unknown","Toronto"
"CBB-UN.TO","COPERNICAN BRITISH","Unknown","Toronto"
"CRQ-A.TO","CLAYMORE CDN-UTS","Unknown","Toronto"
"BST-UN.TO","BRASCAN SOUND TR TU","Unknown","Toronto"
"UTC-C.TO","UTILITY 08 -C-","Unknown","Toronto"
"TDD-M.TO","TD CAP TR SEC SER09","Unknown","Toronto"
"PFR-UN.TO","ADVANTAGED PFD-TU","Unknown","Toronto"
"CCP-UN.TO","CONNOR TRUST UTS","Unknown","Toronto"
"BIF-UN.TO","BAYSHORE FLT RT-TU","Unknown","Toronto"
"FIG-UN.TO","FAIRCOURT INCME&GRO","Unknown","Toronto"
"SPL-A.TO","MLVHL PRO AMS RSP-A","Unknown","Toronto"
"CWF.TO","CANADIAN WORLD","Unknown","Toronto"
"FFN-PA.TO","FINL 15 SPLT II PFD","Unknown","Toronto"
"VIP-UN.TO","BROMPTON VIP  TU","Unknown","Toronto"
"GFV.TO","GLOBAL 45 SPLIT -A","Unknown","Toronto"
"FIT-UN.TO","INTL FINL INC TU","Unknown","Toronto"
"CBK-UN.TO","COPERNICAN WRLD TU","Unknown","Toronto"
"CXC.TO","CIX SPLIT 11 -A","Unknown","Toronto"
"CMW.TO","CLAYMORE S&P/TSX","Unknown","Toronto"
"CMW-A.TO","CLAYMORE S&P/TSX","Unknown","Toronto"
"CWW-A.TO","CLAYMORE S&P GLBL","Unknown","Toronto"
"CWW.TO","CLAYMORE S&P GLBL","Unknown","Toronto"
"XCS.TO","ISHARES SMALLCAP TU","Unknown","Toronto"
"CHZ-UN.TO","SENTRY SELECT TU","Unknown","Toronto"
"FPI-UN.TO","FIRST PREMIUM","Unknown","Toronto"
"CIF.TO","CLAYMORE GLBL INFR","Unknown","Toronto"
"XEN.TO","ISHS CDN JANTZI TU","Unknown","Toronto"
"BSD-UN.TO","BRASCAN SDVST RI TU","Unknown","Toronto"
"XMF.TO","M SPLIT 14 -A","Unknown","Toronto"
"EQW-UN.TO","EQUAL WEIGHT PLS-TU","Unknown","Toronto"
"LCS.TO","BROMPTON LIFECO14-A","Unknown","Toronto"
"RRB-UN.TO","CONNOR CLRK LUNN-TU","Unknown","Toronto"
"PGT-UN.TO","FIRST ASSET POW TU","Unknown","Toronto"
"FIE.TO","CLAYMORE CDN FINL","Unknown","Toronto"
"CPD.TO","CLAYMORE S&P/TSX","Unknown","Toronto"
"CPD-A.TO","CLAYMORE S&P/TSX","Unknown","Toronto"
"MNF.TO","MACQUARIE NEXGEN-A","Unknown","Toronto"
"GFT-UN.TO","CONNOR CLARK TU","Unknown","Toronto"
"CIR-PA.TO","COPERNICAN 5% PFD","Unknown","Toronto"
"UF-UN.TO","URANIUM FOCUSED TU","Unknown","Toronto"
"CIR.TO","COPERNICAN INTL-A","Unknown","Toronto"
"PEQ.TO","DIVERSIFD PRIVATE-A","Unknown","Toronto"
"DKI-UN.TO","DEANS KNIGHT TU","Unknown","Toronto"
"DCD-UN.TO","FIRST ASSET DIVERS","Unknown","Toronto"
"GLS-UN.TO","SENTRY SELECT","Unknown","Toronto"
"CJP-A.TO","CLAYMORE JAPAN","Unknown","Toronto"
"CIE-A.TO","CLAYMORE INTL","Unknown","Toronto"
"CIE.TO","CLAYMORE INTL","Unknown","Toronto"
"CJP.TO","CLAYMORE JAPAN","Unknown","Toronto"
"XCM.TO","COMMERCE SPLIT-A","Unknown","Toronto"
"SON-UN.TO","SELECT 50 S-1 INCME","Unknown","Toronto"
"CDW-UN.TO","CANADIAN WIRELESS","Unknown","Toronto"
"CNV-UN.TO","CONVERTIBLE & YIELD","Unknown","Toronto"
"IDX-UN.TO","INDEXPLUS TR UTS","Unknown","Toronto"
"OGF-UN.TO","BROMP OIL & GAS TU","Unknown","Toronto"
"CRT-UN.TO","CITADEL  TRUST UTS","Unknown","Toronto"
"FTN.TO","FINANCIAL 15-A 15","Unknown","Toronto"
"SPO-UN.TO","SKYLON GBL TR UTS2","Unknown","Toronto"
"RTU-UN.TO","CANADIAN RESOURCES","Unknown","Toronto"
"CLU.TO","CLAYMORE US FDTL-UT","Unknown","Toronto"
"UST-UN.TO","UTILITY SPLIT TRUST","Unknown","Toronto"
"NEW-A.TO","NEWGROWTH 09-A","Unknown","Toronto"
"HYB-UN.TO","DDJ HIGH YIELD TU","Unknown","Toronto"
"TRF-UN.TO","FIRST ASSET ENERGY","Unknown","Toronto"
"YP-UN.TO","YIELDPLUS INCOME TU","Unknown","Toronto"
"FRE.TO","FRONT STREET RES","Unknown","Toronto"
"PRG-UN.TO","PRO-VEST GWTH&IN-TU","Unknown","Toronto"
"STQ.TO","INCOME STREAMS-CY","Unknown","Toronto"
"AI-UN.TO","AMALGAMATED INCOME","Unknown","Toronto"
"EOS-UN.TO","ENERVEST ENERGY TU","Unknown","Toronto"
"XLB.TO","ISHARES CDN DEX-TU","Unknown","Toronto"
"CMZ-UN.TO","COMPASS INCM UTS 09","Unknown","Toronto"
"CGQ.TO","CAP GAINS -CY","Unknown","Toronto"
"TCP.TO","TRIDENT PERFORM-A","Unknown","Toronto"
"COW.TO","CLAYMORE GLBL AGRIC","Unknown","Toronto"
"CLU-A.TO","CLAYMORE US FDTL-UT","Unknown","Toronto"
"COX-UN.TO","COXE COMMOD STRAT-A","Unknown","Toronto"
"SCI-UN.TO","SCITI ROCS TU","Unknown","Toronto"
"MMN-UN.TO","MULTI MANAGER","Unknown","Toronto"
"MMP-UN.TO","PRECIOUS METAL&MNG","Unknown","Toronto"
"CDD-UN.TO","CORE CDN DIV-TU","Unknown","Toronto"
"SDT-UN.TO","SENTRY SEL DIV-TU","Unknown","Toronto"
"TXT-UN.TO","TOP 10 SPLIT TRUST","Unknown","Toronto"
"NMN-UN.TO","NORTHWATER MKT-NEUT","Unknown","Toronto"
"INC-UN.TO","INCOME FINANCIAL TR","Unknown","Toronto"
"GBP-UN.TO","GLOBAL BK PREM-TU","Unknown","Toronto"
"XGB.TO","ISHARES CDN DEX-TU","Unknown","Toronto"
"SIN-UN.TO","SCITI TRUST UTS 13","Unknown","Toronto"
"CIT-UN.TO","SCITI TRUST II TRUT","Unknown","Toronto"
"DST-UN.TO","GLOBAL DISCS 04-1TU","Unknown","Toronto"
"SLP-UN.TO","SKYLON GLOBAL UTS","Unknown","Toronto"
"CBQ-A.TO","CLAYMORE BRIC-UTS","Unknown","Toronto"
"LRF-UN.TO","LONG RESERVE TU","Unknown","Toronto"
"SPL-B.TO","MLVHL PRO AMS RSP-B","Unknown","Toronto"
"BDA-UN.TO","FIRST ASSET/BLK -TU","Unknown","Toronto"
"LPV-UN.TO","GL STRAT MASTER ULP","Unknown","Toronto"
"DTN-UN.TO","DIVERSITRUST EGY TU","Unknown","Toronto"
"BXN.TO","B SPLIT II -A","Unknown","Toronto"
"YOU-UN.TO","YIELD ADV TU","Unknown","Toronto"
"DTP-UN.TO","DIVERSITRST INCM+14","Unknown","Toronto"
"AOG-UN.TO","BROMP ADV OIL TU","Unknown","Toronto"
"GAT-UN.TO","UBS GLOBAL ALLOC TU","Unknown","Toronto"
"BSF-UN.TO","BRASCAN SOUND-TU","Unknown","Toronto"
"HAY-UN.TO","STONE 28 TRUST UTS","Unknown","Toronto"
"DPF-UN.TO","DPF INDIA OPP TU","Unknown","Toronto"
"FFI-UN.TO","FLAHERTY&CRUMRIN TU","Unknown","Toronto"
"DPS-UN.TO","DIVERSIFIED PFD SH","Unknown","Toronto"
"CCQ-UN.TO","CONNOR CLARK TU","Unknown","Toronto"
"AFU-UN.TO","ACUITY FOCUSED TU","Unknown","Toronto"
"OST-UN.TO","OIL SANDS CAP 10","Unknown","Toronto"
"BND-UN.TO","INV GRADE TR UTS","Unknown","Toronto"
"CDZ.TO","CLAYMORE CDN DIV-UT","Unknown","Toronto"
"GSB-UN.TO","GOVT STRIP BOND TR","Unknown","Toronto"
"SPU-UN.TO","SUSTAIN PRO ENERGY","Unknown","Toronto"
"IGF-UN.TO","FIRST ASSET TU","Unknown","Toronto"
"SLS.TO","SL SPLIT","Unknown","Toronto"
"SSJ-UN.TO","SENTRY SELECT TU","Unknown","Toronto"
"XCV.TO","ISHARES CDN JON-TU","Unknown","Toronto"
"STW-UN.TO","STRATA INCOME FD TU","Unknown","Toronto"
"DYI-UN.TO","DIVERSIYIELD TU","Unknown","Toronto"
"PVN-UN.TO","PREMIER VALUE TU","Unknown","Toronto"
"CRQ.TO","CLAYMORE CDN FUNDAM","Unknown","Toronto"
"CGQ-E.TO","CAP GAINS -ED","Unknown","Toronto"
"SKA-UN.TO","SKYLON ALL ASSET-TU","Unknown","Toronto"
"ARA-PA.TO","ART ADVANCED PFD-1","Unknown","Toronto"
"SIA-UN.TO","SKYLON INTL TR UT-A","Unknown","Toronto"
"BAM-PL.TO","BROOKFLD -A-PFD S14","Unknown","Toronto"
"RF-A.TO","C A BANC CDN-A","Unknown","Toronto"
"GIP-UN.TO","GLOBAL PLUS INCOME","Unknown","Toronto"
"MYT-UN.TO","CROWN HILL TU","Unknown","Toronto"
"SKG-UN.TO","SKYLON GRWTH TR UTS","Unknown","Toronto"
"RAV-UN.TO","RAVENSOURCE FUND","Unknown","Toronto"
"FHM-UN.TO","FIRST TRUST UTS FR","Unknown","Toronto"
"FFN.TO","FINL 15 SPLIT II-A","Unknown","Toronto"
"DTS-UN.TO","DIVRSTRST STABLE TU","Unknown","Toronto"
"CCK-UN.TO","CONNOR CLRK LUNN-TU","Unknown","Toronto"
"SCO-UN.TO","ABERDEEN SCOTS UTS","Unknown","Toronto"
"FAY-UN.TO","FIRST ASST YLD TU-A","Unknown","Toronto"
"OSM-UN.TO","OIL SANDS&ENERGY TU","Unknown","Toronto"
"XCB.TO","ISHARES CDN DEX-TU","Unknown","Toronto"
"CLO.TO","CLAYMORE OIL SANDS","Unknown","Toronto"
"MST-UN.TO","MULTI SELECT CAP UT","Unknown","Toronto"
"THD.TO","3RD CAN GEN INV TR","Unknown","Toronto"
"XCG.TO","ISHARES GROWTH-TU","Unknown","Toronto"
"GDP-UN.TO","GLOBAL DIVIDEND-TU","Unknown","Toronto"
"FAP.TO","ABERDEEN ASIA PAC","Unknown","Toronto"
"DGS.TO","DIVIDEND GRWTH 14-A","Unknown","Toronto"
"BSI-UN.TO","BRASCAN SOUNDVES TU","Unknown","Toronto"
"HYM-UN.TO","HIGH YIELD & MOR TU","Unknown","Toronto"
"SGT-UN.TO","SENTRY TRUST UTS","Unknown","Toronto"
"FPF-UN.TO","FRONT ST P FD II-TU","Unknown","Toronto"
"FIF-UN.TO","FOCUSED 40 INCME TU","Unknown","Toronto"
"NTP-UN.TO","NORTHWATER TOP75 TU","Unknown","Toronto"
"TRH-UN.TO","TRIAX DIVERSIFD TR","Unknown","Toronto"
"HIT-UN.TO","FIERA HIGH INCOME","Unknown","Toronto"
"CBQ.TO","CLAYMORE BRIC-UTS","Unknown","Toronto"
"NCX.TO","NOVA CHEMICALS","Unknown","Toronto"
"SU.TO","SUNCOR ENERGY","Unknown","Toronto"
"ABX.TO","BARRICK GOLD","Unknown","Toronto"
"CEE.TO","CENTAMIN EGYPT","Unknown","Toronto"
"PDN.TO","PALADIN ENERGY","Unknown","Toronto"
"POT.TO","POTASH SASKATCHEWAN","Unknown","Toronto"
"CGA.TO","CGA MINING","Unknown","Toronto"
"NG.TO","NOVAGOLD RESOURCES","Unknown","Toronto"
"FSY.TO","FORSYS METAL","Unknown","Toronto"
"GBG.TO","GREAT BASIN GOLD","Unknown","Toronto"
"TRT.TO","TRINORTH CAPITAL","Unknown","Toronto"
"BPO.TO","BROOKFIELD PROP","Unknown","Toronto"
"BVF.TO","BIOVAIL","Unknown","Toronto"
"QEC.TO","QUESTERRE ENERGY-A","Unknown","Toronto"
"EGU.TO","EUROPEAN GOLDFIELDS","Unknown","Toronto"
"MDM.TO","MINERAL DEPOSITS","Unknown","Toronto"
"ACU.TO","African Copper Plc","Unknown","Toronto"
"SNG.TO","CDN SUPERIOR ENERGY","Unknown","Toronto"
"AND.TO","ANDEAN RESOURCES","Unknown","Toronto"
"PAA.TO","PAN AMER SILVER","Unknown","Toronto"
"CGC.TO","CAPITAL GOLD","Unknown","Toronto"
"OSI.TO","OSI GEOSPATIAL","Unknown","Toronto"
"IE.TO","IVANHOE ENERGY","Unknown","Toronto"
"IDL.TO","IMAGING DYNAMICS CO","Unknown","Toronto"
"SW.TO","SIERRA WIRELESS","Unknown","Toronto"
"RBA.TO","Ritchie Brothers Auctioneer","Unknown","Toronto"
"CML.TO","CROWFLIGHT MINERALS","Unknown","Toronto"
"MGL.TO","MOTO GOLDMINES","Unknown","Toronto"
"SSO.TO","SILVER STANDARD RES","Unknown","Toronto"
"UFS.TO","DOMTAR","Unknown","Toronto"
"ORG.TO","OREZONE GOLD","Unknown","Toronto"
"PMD.TO","PREMD","Unknown","Toronto"
"GOL.TO","COLOMBIA GOLDFIELDS","Unknown","Toronto"
"KGN.TO","KEEGAN RESOURCES","Unknown","Toronto"
"CDU.TO","CARDERO RESOURCE","Unknown","Toronto"
"ZMR.TO","ZARUMA RESOURCES","Unknown","Toronto"
"COM.TO","CARDIOME PHARMA","Unknown","Toronto"
"ABH.TO","ABITIBIBOWATER","Unknown","Toronto"
"CDM.TO","Coeur d'Alene Mines Corp.","Unknown","Toronto"
"NAU.TO","NORTHLAND RESOURCES","Unknown","Toronto"
"CAL.TO","CALEDONIA MINING","Unknown","Toronto"
"ZIC.TO","ZI","Unknown","Toronto"
"TNX.TO","TANZANIAN RYLTY EXP","Unknown","Toronto"
"TGL.TO","TRANSGLOBE ENERGY","Unknown","Toronto"
"UXG.TO","US GOLD","Unknown","Toronto"
"BLD.TO","BALLARD POWER SYS","Unknown","Toronto"
"BCB.TO","COTT","Unknown","Toronto"
"CM-PL.TO","CIBC NCP -A-35","Unknown","Toronto"
"CWB-PA.TO","CDN WESTN NCP -3","Unknown","Toronto"
"CTI.TO","Chemokine Therapeutics Corporation","Unknown","Toronto"
"ANP.TO","ANGIOTECH PHARMA","Unknown","Toronto"
"BAN.TO","BANNERMAN RESOURCES","Unknown","Toronto"
"FGD.TO","FIRSTGOLD","Unknown","Toronto"
"LLL.TO","LULULEMON ATHL","Unknown","Toronto"
"CCZ.TO","CRITICALCONTROL SOL","Unknown","Toronto"
"PPK.TO","POLYAIR INTER PACK","Unknown","Toronto"
"PDL.TO","NORTH AM PALLADIUM","Unknown","Toronto"
"VG.TO","VG GOLD","Unknown","Toronto"
"ENT-UN.TO","Enterra Energy Trust","Unknown","Toronto"
"DIO.TO","DIORO EXPLORATION","Unknown","Toronto"
"CBO.TO","CLAY 1-5 YR","Unknown","Toronto"
"DEJ.TO","DEJOUR ENTERPRISES","Unknown","Toronto"
"BEV.TO","BENNETT ENVMTL","Unknown","Toronto"
"PWE.TO","POWERTECH URANIUM","Unknown","Toronto"
"QLT.TO","QLT","Unknown","Toronto"
"TRY.TO","TROY RESOURCES","Unknown","Toronto"
"ONC.TO","ONCOLYTICS BIOTECH","Unknown","Toronto"
"TLC.TO","TLC VISION","Unknown","Toronto"
"LGG.TO","LIHIR GOLD","Unknown","Toronto"
"CMC.TO","Consolidated Mercantile","Unknown","Toronto"
"VAS.TO","VASOGEN","Unknown","Toronto"
"NCS.TO","NUCRYST PHARMA","Unknown","Toronto"
"PEZ.TO","PEDIMENT GOLD","Unknown","Toronto"
"OGO-A.TO","O'LEARY GLB UTS 10","Unknown","Toronto"
"SOY.TO","SunOpta Inc","Unknown","Toronto"
"SEA.TO","SEABRIDGE GOLD","Unknown","Toronto"
"IGT.TO","ISHARES COMEX GOLD","Unknown","Toronto"
"EXT.TO","EXTRACT RESOURCES","Unknown","Toronto"
"HYG.TO","HYDROGENICS","Unknown","Toronto"
"DOU.TO","DB PSDB CO DL ETN38","Unknown","Toronto"
"TAP-B.TO","Molson Coors Brewing Company","Unknown","Toronto"
"CRY.TO","CRYPTOLOGIC","Unknown","Toronto"
"CRU.TO","CREW GOLD","Unknown","Toronto"
"CRA.TO","CRESCENT GOLD","Unknown","Toronto"
"NII.TO","NORSAT INTL","Unknown","Toronto"
"IMX.TO","IMAX","Unknown","Toronto"
"CBO-A.TO","CLAY 1-5 YR","Unknown","Toronto"
"VGZ.TO","VISTA GOLD","Unknown","Toronto"
"CFT.TO","CE FRANKLIN","Unknown","Toronto"
"GMO.TO","GENERAL MOLY","Unknown","Toronto"
"URZ.TO","URANERZ ENERGY","Unknown","Toronto"
"CFG.TO","Cluff Gold Ltd","Unknown","Toronto"
"RGL.TO","ROYAL GOLD","Unknown","Toronto"
"NOA.TO","NORTH AMERICAN ENER","Unknown","Toronto"
"MRN.TO","MARENGO MINING","Unknown","Toronto"
"ONY.TO","ONCOTHYREON","Unknown","Toronto"
"TC.TO","Tucows Inc","Unknown","Toronto"
"TGS.TO","TIGER RESOURCES","Unknown","Toronto"
"NU.TO","Nufcor Uranium Ltd.","Unknown","Toronto"
"MDZ-A.TO","MDC PARTNERS","Unknown","Toronto"
"DDD.TO","DRAGON PHARMACEUTL","Unknown","Toronto"
"MEC-A.TO","MAGNA SUB VTG-A","Unknown","Toronto"
"WSA.TO","WESTERN AREAS","Unknown","Toronto"
"EUR.TO","Euro Ressources SA","Unknown","Toronto"
"VTN.TO","VITRAN","Unknown","Toronto"
"FMI.TO","FORBES MEDI-TECH","Unknown","Toronto"
"DGU.TO","DB GOLD DBLN ETN 38","Unknown","Toronto"
"BLS.TO","Boliden AB","Unknown","Toronto"
"TLB.TO","OCCULOGIX","Unknown","Toronto"
"OTT-UN.TO","Otelco Inc","Unknown","Toronto"
"ECG.TO","ENVOY CAPITAL","Unknown","Toronto"
"DAA.TO","DB AGRCL DL ETN 38","Unknown","Toronto"
"CRE.TO","COREL","Unknown","Toronto"
"WGR.TO","WITS GOLD","Unknown","Toronto"
"DGJ.TO","DB GOLD DBSH ETN 38","Unknown","Toronto"
"CZL.TO","CHINA ZIRCONIUM","Unknown","Toronto"
"GPN.TO","GLADSTONE PACIFIC","Unknown","Toronto"
"TWP.TO","Thomas Weisel Partners Group Inc.","Unknown","Toronto"
"DAD.TO","DB AGRCL DS ETN 38","Unknown","Toronto"
"DOE.TO","DB PSDB CO DS ETN38","Unknown","Toronto"
"JCT.TO","Jewett-Cameron Trading Company","Unknown","Toronto"
"CEF-A.TO","CNTRL FUND CDA-A NV","Unknown","Toronto"
