"Code","Symbol","Industry","Board"
"SAN.MC","Banco Santander SA","Unknown","MercadoContinuo"
"BBVA.MC","BBVA (Banco Bilbao)","Unknown","MercadoContinuo"
"BIBE.MC","IBERDROLA","Unknown","MercadoContinuo"
"TEF.MC","Telefonica","Unknown","MercadoContinuo"
"JAZ.MC","Jazztel","Unknown","MercadoContinuo"
"CAR.MC","Carrefour SA","Unknown","MercadoContinuo"
"COL.MC","Inmobiliaria Colonial SA","Unknown","MercadoContinuo"
"IBR.MC","IBERDROLA RENOVABLE","Unknown","MercadoContinuo"
"IBLA.MC","Iberia","Unknown","MercadoContinuo"
"POP.MC","Banco Popular Espanol","Unknown","MercadoContinuo"
"REP.MC","Repsol","Unknown","MercadoContinuo"
"MAP.MC","Mapfre SA","Unknown","MercadoContinuo"
"SAB.MC","BANCO SABADELL R","Unknown","MercadoContinuo"
"GAM.MC","Gamesa Corp Technologica SA","Unknown","MercadoContinuo"
"CRI.MC","CRIT.CAIXACORP","Unknown","MercadoContinuo"
"GAS.MC","Gas Natural SDG SA","Unknown","MercadoContinuo"
"CIN.MC","Cintra","Unknown","MercadoContinuo"
"GRF.MC","Grifols SA","Unknown","MercadoContinuo"
"BKT.MC","BANKINTER R","Unknown","MercadoContinuo"
"AVZ.MC","Avanzit SA","Unknown","MercadoContinuo"
"AFR.MC","Afirma Grupo Inmobiliario SA","Unknown","MercadoContinuo"
"ABE.MC","Abertis","Unknown","MercadoContinuo"
"PRS.MC","Grupo Prisa","Unknown","MercadoContinuo"
"BTL.MC","Gestevision Telecinco","Unknown","MercadoContinuo"
"ITX.MC","Inditex","Unknown","MercadoContinuo"
"ENG.MC","Enagas","Unknown","MercadoContinuo"
"ACX.MC","Acerinox SA","Unknown","MercadoContinuo"
"ZEL.MC","Zeltia Sa","Unknown","MercadoContinuo"
"SOS.MC","Sos Corporacion Alimentaria SA","Unknown","MercadoContinuo"
"12514001.MC","Ercros SA","Unknown","MercadoContinuo"
"BME.MC","Bolsas y Mercados Espanoles SA","Unknown","MercadoContinuo"
"FER.MC","Grupo Ferrovial SA","Unknown","MercadoContinuo"
"IDR.MC","Indra Sistemas SA","Unknown","MercadoContinuo"
"NHH.MC","NH Hoteles SA","Unknown","MercadoContinuo"
"ELE.MC","Endesa (Empresa Nacional)","Unknown","MercadoContinuo"
"ACS.MC","Acs Activid. De Constru S.","Unknown","MercadoContinuo"
"UBS.MC","Urbas Guardahermosa SA","Unknown","MercadoContinuo"
"A3TV.MC","Antena 3 Television SA","Unknown","MercadoContinuo"
"FCC.MC","Fomento Const y Contr(Fcc","Unknown","MercadoContinuo"
"BTO.MC","Banco Espanol Credito (Banesto)","Unknown","MercadoContinuo"
"REE.MC","Red Electrica Corp. S.A.","Unknown","MercadoContinuo"
"ECR.MC","ERCROS","Unknown","MercadoContinuo"
"TUB.MC","Tubacex SA","Unknown","MercadoContinuo"
"SLR.MC","SOLARIA ENERGIA","Unknown","MercadoContinuo"
"TRE.MC","Tecnicas Reunidas SA","Unknown","MercadoContinuo"
"SNC.MC","Sniace Aplicaciones Celul","Unknown","MercadoContinuo"
"VLG.MC","Vueling Airlines SA","Unknown","MercadoContinuo"
"NTC.MC","Natraceutical SA","Unknown","MercadoContinuo"
"ABG.MC","Abengoa SA","Unknown","MercadoContinuo"
"SYV.MC","Sacyr Y Vallehermoso","Unknown","MercadoContinuo"
"EVA.MC","Ebro Puleva SA","Unknown","MercadoContinuo"
"ENC.MC","ENCE","Unknown","MercadoContinuo"
"SOL.MC","Sol Melia SA","Unknown","MercadoContinuo"
"BVA.MC","BCO DE VALENCIA R","Unknown","MercadoContinuo"
"TRG.MC","TUBOS REUNIDOS","Unknown","MercadoContinuo"
"ANA.MC","Grupo Acciona","Unknown","MercadoContinuo"
"ALM.MC","ALMIRALL","Unknown","MercadoContinuo"
"FAE.MC","Faes","Unknown","MercadoContinuo"
"ZOT.MC","Zardoya Otis SA","Unknown","MercadoContinuo"
"BVIS.MC","Viscofan","Unknown","MercadoContinuo"
"VER.MC","VERTICE TRESCI SE G","Unknown","MercadoContinuo"
"IDO.MC","Indo Internacional SA","Unknown","MercadoContinuo"
"AISA.MC","FERGO AISA","Unknown","MercadoContinuo"
"GCO.MC","Grupo Catalana Occidente SA","Unknown","MercadoContinuo"
"AGS.MC","Aguas de Barcelona SA","Unknown","MercadoContinuo"
"FRS.MC","FERSA Energias Renovables SA","Unknown","MercadoContinuo"
"SPS.MC","Service Point Solutions SA","Unknown","MercadoContinuo"
"MDF.MC","Grupo Duro Felguera","Unknown","MercadoContinuo"
"UNF.MC","UNION FENOSA","Unknown","MercadoContinuo"
"PSG.MC","Prosegur","Unknown","MercadoContinuo"
"PAS.MC","Banco Pastor SA","Unknown","MercadoContinuo"
"PAC.MC","EUROPAC-Papeles y Cartones de Europa SA","Unknown","MercadoContinuo"
"ZNC.MC","Espanola Del Zinc","Unknown","MercadoContinuo"
"NAT.MC","Natra SA","Unknown","MercadoContinuo"
"ROVI.MC","LAB FARMACEUTICOS","Unknown","MercadoContinuo"
"ALB.MC","Alba (Corp. Financiera)","Unknown","MercadoContinuo"
"FDR.MC","FLUIDRA","Unknown","MercadoContinuo"
"VOC.MC","Vocento SA","Unknown","MercadoContinuo"
"PVA.MC","Pescanova sa","Unknown","MercadoContinuo"
"BIO.MC","Puleva Biotech SA","Unknown","MercadoContinuo"
"CAM.MC","CAM","Unknown","MercadoContinuo"
"ASA.MC","Grupo Tavex S.A.","Unknown","MercadoContinuo"
"RLIA.MC","REALIA BUSINESS","Unknown","MercadoContinuo"
"NEA.MC","Nicolas Correa SA","Unknown","MercadoContinuo"
"AMP.MC","Amper SA","Unknown","MercadoContinuo"
"CPF.MC","Campofrio Food Group SA","Unknown","MercadoContinuo"
"TEC.MC","TECNOCOM","Unknown","MercadoContinuo"
"CDR.MC","CODERE","Unknown","MercadoContinuo"
"REN.MC","Renta Corporacion Real Estate","Unknown","MercadoContinuo"
"DERM.MC","Corporacion Dermoestetica","Unknown","MercadoContinuo"
"GUI.MC","GUIPUZCOANO","Unknown","MercadoContinuo"
"CEP.MC","Espanola Petroleos (cepsa","Unknown","MercadoContinuo"
"GALQ.MC","General de Alquiler de Maquinaria SA","Unknown","MercadoContinuo"
"XARAB.MC","AR PFD-B NON VTG N1","Unknown","MercadoContinuo"
"14341931.BC","INVERFIATC","Unknown","Unknown"
"REY.MC","REYAL URBIS","Unknown","MercadoContinuo"
"AZK.MC","Azkoyen SA","Unknown","MercadoContinuo"
"VID.MC","Vidrala SA","Unknown","MercadoContinuo"
"CIE.MC","CIE Automotive SA","Unknown","MercadoContinuo"
"CBAV.MC","CLINICA BAVIERA","Unknown","MercadoContinuo"
"URA.MC","Uralita SA","Unknown","MercadoContinuo"
"MCM.MC","Miquel Y Costas","Unknown","MercadoContinuo"
"ENO.MC","ELECNOR","Unknown","MercadoContinuo"
"DIN.MC","Dinamia Capital Privado SA","Unknown","MercadoContinuo"
"ZNK.MC","ZINKIA ENT R","Unknown","MercadoContinuo"
"LGT.MC","Lingotes Especiales SA","Unknown","MercadoContinuo"
"XNET.MC","NET PFD N1","Unknown","MercadoContinuo"
"ADZ.MC","Adolfo Dominguez SA","Unknown","MercadoContinuo"
"MVC.MC","Metrovacesa SA","Unknown","MercadoContinuo"
"PRM.MC","Prim SA","Unknown","MercadoContinuo"
"BES.MC","Inbesos","Unknown","MercadoContinuo"
"CPL.MC","Cementos Portland","Unknown","MercadoContinuo"
"XVALO.MC","VALE N1","Unknown","MercadoContinuo"
"MTB.MC","Montebalito SA","Unknown","MercadoContinuo"
"CAF.MC","Caf (Construcciones Auxi","Unknown","MercadoContinuo"
"XBBDC.MC","BRADESCO PFD N1","Unknown","MercadoContinuo"
"BDL.MC","Baron de Ley SA","Unknown","MercadoContinuo"
"INY.MC","Inypsa Informes Y Proyectos SA","Unknown","MercadoContinuo"
"FUN.MC","Funespana","Unknown","MercadoContinuo"
"GSJ.MC","GRP EMPR S JOSE","Unknown","MercadoContinuo"
"XVALP.MC","VALE PFD-A N1","Unknown","MercadoContinuo"
"18248421.MA","URBAR INGENIEROS","Unknown","Madrid"
"IBG.MC","Iberpapel","Unknown","MercadoContinuo"
"XBRPP.MC","BRADESPAR PFD N1","Unknown","MercadoContinuo"
"R4.MC","RENTA 4 SERVICIOS R","Unknown","MercadoContinuo"
"XUSI.MC","USIMINAS PFD-A N1","Unknown","MercadoContinuo"
"UPL.MC","Unipapel SA","Unknown","MercadoContinuo"
"XVOLB.MC","VOLCAN PFD-B","Unknown","MercadoContinuo"
"BMA.MC","Befesa","Unknown","MercadoContinuo"
"11736011.BC","Cementos Molins Sa","Unknown","Unknown"
"XBRK.MC","BRASKEM PFD-A N1","Unknown","MercadoContinuo"
"LETACNPB.MC","ELETROBRAS PFD-B N1","Unknown","MercadoContinuo"
"CLEO.MC","Compania Levantina de Edificacion y Obra","Unknown","MercadoContinuo"
"STG.MC","Sotogrande sa","Unknown","MercadoContinuo"
"12569051.BC","DAMM","Unknown","Unknown"
"XCOP.MC","COPEL PFD-B N1","Unknown","MercadoContinuo"
"18148011.BI","Union Europea de Inversiones SA","Unknown","Unknown"
"XBRPO.MC","BRADESPAR N1","Unknown","MercadoContinuo"
"PAT.MC","Federico Paternina SA","Unknown","MercadoContinuo"
"VASC.MA","Hullera Vasco Leonesa","Unknown","Madrid"
"LIWE.MA","Liwe Espanola SA","Unknown","Madrid"
"13295501.MA","Cevasa (Esp Vivend Alquil","Unknown","Madrid"
"MERC.MA","Cartera Industrial Rea, SA","Unknown","Madrid"
"ISUR.MC","INMOBILIARIA SUR","Unknown","MercadoContinuo"
"TST.MC","Testa Inmuebles en Renta SA","Unknown","MercadoContinuo"
"SL001.MC","NORDINVEST REG.","Unknown","MercadoContinuo"
"RIO.MC","Bodegas Riojanas SA","Unknown","MercadoContinuo"
"TUD.MC","Exide Technologies, SA","Unknown","MercadoContinuo"
"18148011.MA","Union Europea de Inversiones SA","Unknown","Madrid"
"CUN.MC","Cia Vinicola Del Norte De","Unknown","MercadoContinuo"
"11048021.MA","Logistica De Hidrocarburos-D","Unknown","Madrid"
"137998A1.VA","LIBERTAS 7","Unknown","Unknown"
"GUI-P.MC","GUIPUZCOANO PREF","Unknown","MercadoContinuo"
"15597223.MA","BARCINO R","Unknown","Madrid"
"15515101.BC","INVERPYME SCR R","Unknown","Unknown"
"12723201.BC","ECCOWOOD INV","Unknown","Unknown"
"INML.MA","Inmolevante SA","Unknown","Madrid"
"10735001.BC","AGUAS SABADELL B","Unknown","Unknown"
"10919631.BC","AMCI HABITAT","Unknown","Unknown"
"11493001.BI","BODEGAS BILBAINAS","Unknown","Unknown"
"13815211.VA","FINANZAS E INV VAL","Unknown","Unknown"
"AHO.MA","Ahorro Familiar SA","Unknown","Madrid"
"13295501.BC","Cevasa (Esp Vivend Alquil","Unknown","Unknown"
"13843601.BC","ALZA REAL ESTATE","Unknown","Unknown"
"MTF.MC","MARTINSA FADESA","Unknown","MercadoContinuo"
"11380503.VA","PROMOBANC R","Unknown","Unknown"
"SED.MC","La Seda de Barcelona SA","Unknown","MercadoContinuo"
"XEDC.MC","LA ELECTRIC SP ADR","Unknown","MercadoContinuo"
"12625101.BC","DESA","Unknown","Unknown"
"AGVA.VA","AGUAS DE VALENCIA","Unknown","Unknown"
"XSUZB.MC","SUZANO PAPEL PFD-A","Unknown","MercadoContinuo"
"FAE-N.MC","FAES FARMA I09","Unknown","MercadoContinuo"
"SGC.MC","Sogecable SA","Unknown","MercadoContinuo"
"TPZ.MC","Telepizza SA","Unknown","MercadoContinuo"
"15296001.BI","AYCO GR INMOB","Unknown","Unknown"
"LOG.MC","Cia Distrib Integral Logista","Unknown","MercadoContinuo"
"UNCA.BC","UNION.CAT.VAL","Unknown","Unknown"
"CIRC.BC","CIRCULO VAL MOBIL N","Unknown","Unknown"
"15296001.BC","AYCO GR INMOB","Unknown","Unknown"
"INCE.BC","Inacsa","Unknown","Unknown"
"RUST.MA","RUSTICAS","Unknown","Madrid"
"16422801.BC","MOBILIARIA MONESA","Unknown","Unknown"
"10632501.MA","AGROFRUSE","Unknown","Madrid"
"17430001.BI","RONSA","Unknown","Unknown"
"16862601.BC","PLARREGA INVEST","Unknown","Unknown"
"15493603.BC","INMOFIBAN","Unknown","Unknown"
"DGI.MC","Dogi","Unknown","MercadoContinuo"
"MEC.BC","MECANIC VIDRIO CELO","Unknown","Unknown"
"15596103.BI","IN IRURITA","Unknown","Unknown"
"15652801.BC","JOAQUIN ALBERTI","Unknown","Unknown"
"BMTS.MC","ARCELORMITTAL REG","Unknown","MercadoContinuo"
"RDM.MC","Reno de Medici SpA","Unknown","MercadoContinuo"
"AGVA.BC","AGUAS DE VALENCIA","Unknown","Unknown"
"EAD.MC","Eads","Unknown","MercadoContinuo"
"XGEO.MC","GEO-B","Unknown","MercadoContinuo"
"XPBRA.MC","PETROLEO BRAS PFD","Unknown","MercadoContinuo"
"XCMIG.MC","CEMIG PFD N1","Unknown","MercadoContinuo"
"XPBR.MC","PETROBRAS","Unknown","MercadoContinuo"
"XBFR.MC","BBVA BANCO","Unknown","MercadoContinuo"
"XSARE.MC","SARE HOLDING-B","Unknown","MercadoContinuo"
"XGGB.MC","GERDAU PFD N1","Unknown","MercadoContinuo"
"XSBP.MC","Santander Bancorp","Unknown","MercadoContinuo"
"XNOR.MC","GRUPO FIN BANORTE-O","Unknown","MercadoContinuo"
"XUSIO.MC","USIMINAS N1","Unknown","MercadoContinuo"
"XTII.MC","TELMEX INTERNAC-L","Unknown","MercadoContinuo"
"XTMXL.MC","TELMEX-L","Unknown","MercadoContinuo"
"ASI.MC","Assicurazioni Generali SpA","Unknown","MercadoContinuo"
"XAMXL.MC","AMERICA MOVIL-L","Unknown","MercadoContinuo"
"XGMD.MC","GRUPO MODELO-C","Unknown","MercadoContinuo"
"XELTO.MC","ELETROBRAS N1","Unknown","MercadoContinuo"
"XEKT.MC","ELEKTRA","Unknown","MercadoContinuo"
"BAY.MC","BAYER N","Unknown","MercadoContinuo"
"XTZA.MC","TVAZTECA TVAZTCACPO","Unknown","MercadoContinuo"
"XENI.MC","ENERSIS N","Unknown","MercadoContinuo"
"14758301.BI","IBERTUBO","Unknown","Unknown"
"XEOC.MC","ENDESA","Unknown","MercadoContinuo"
"XBCH.MC","CHILE","Unknown","MercadoContinuo"
"XCEL.MC","IUSACELL","Unknown","MercadoContinuo"
"11048021.BC","Logistica De Hidrocarburos-D","Unknown","Unknown"
"18148011.BC","Union Europea de Inversiones SA","Unknown","Unknown"
"16229201.BC","Cartera Industrial Rea, SA","Unknown","Unknown"
"XALFA.MC","ALFA-A","Unknown","MercadoContinuo"
"XBRSB.MC","BCO SANTANDER RIO-B","Unknown","MercadoContinuo"
"11048021.VA","Logistica De Hidrocarburos-D","Unknown","Unknown"
"REVA.VA","RENTA VARIABLE","Unknown","Unknown"
"12700801.BI","DOMAN","Unknown","Unknown"
"18225001.BI","URB CONST INM UCISA","Unknown","Unknown"
"18225001.VA","URB CONST INM UCISA","Unknown","Unknown"
"18366001.BI","VICINAY","Unknown","Unknown"
"15602301.VA","INVERSORA","Unknown","Unknown"
"VWG.MC","Volkswagen AG","Unknown","MercadoContinuo"
"11474403.VA","INVERS HABANA 2000","Unknown","Unknown"
"15494701.VA","INMO DEALER","Unknown","Unknown"
"16774101.VA","OROZCO","Unknown","Unknown"
"16945603.BI","PEVASA","Unknown","Unknown"
"15599301.VA","INV NUNEZ DE BALBOA","Unknown","Unknown"
"XSUPT.MC","QUATTOR PFD","Unknown","MercadoContinuo"
"15602301.BI","INVERSORA","Unknown","Unknown"
"18095103.BI","TUYPER N","Unknown","Unknown"
"16104503.VA","INVERMAR N","Unknown","Unknown"
"12577303.VA","DAVMES","Unknown","Unknown"
"16635501.VA","NOBO","Unknown","Unknown"
"15589401.VA","CIAMSA","Unknown","Unknown"
"1GF36000.MC","GFBB-B","Unknown","MercadoContinuo"
"18123001.BI","CORPORACION UCEM","Unknown","Unknown"
"15505001.VA","INTRA","Unknown","Unknown"
"17362203.VA","RETSA INVERSIONES","Unknown","Unknown"
"15599301.BI","INV NUNEZ DE BALBOA","Unknown","Unknown"
"18493603.BI","ZAYER N","Unknown","Unknown"
"18436401.BI","VIUDA DE GASTEL","Unknown","Unknown"
"13213001.BI","SEFANITRO","Unknown","Unknown"
"11629103.VA","CARHEBAPE 1 R","Unknown","Unknown"
"16246203.BI","METALES IB ARANZADI","Unknown","Unknown"
"16936501.VA","PESIVER","Unknown","Unknown"
"16104503.BI","INVERMAR N","Unknown","Unknown"
"15417601.VA","INMOB MARO","Unknown","Unknown"
"15505001.BI","INTRA","Unknown","Unknown"
"13821503.VA","FINEX N","Unknown","Unknown"
"13972001.VA","FRIO INDUSTRIAL","Unknown","Unknown"
"18092001.VA","ECONOMICA DAMM","Unknown","Unknown"
"13968000.BI","FRIGORIFICOS VIGO","Unknown","Unknown"
"11489801.VA","BLUMAQ","Unknown","Unknown"
"12568001.VA","DALT","Unknown","Unknown"
"11841701.BI","CERAMICA VIVES","Unknown","Unknown"
"16867201.VA","PASCUAL HERMANOS","Unknown","Unknown"
"10914601.VA","ALVI","Unknown","Unknown"
"11367603.BI","BANKOA","Unknown","Unknown"
"17440001.BC","RUSTICAS","Unknown","Unknown"
"15815001.BC","LEFA","Unknown","Unknown"
"11048013.BC","CIA LOG DE HID -A-","Unknown","Unknown"
"13380701.BI","EUROCIS","Unknown","Unknown"
"23103.MC","META4 NV","Unknown","MercadoContinuo"
"11710001.BI","SMURFIT NERVION A","Unknown","Unknown"
"11493401.BI","UNITED DUTCH ESP","Unknown","Unknown"
"11048021.BI","Logistica De Hidrocarburos-D","Unknown","Unknown"
"15558001.MA","CINSA","Unknown","Madrid"
"16396001.BI","MINERSA","Unknown","Unknown"
"15296001.MA","AYCO GR INMOB","Unknown","Madrid"
"17326501.BI","REGIONAL INV N","Unknown","Unknown"
"LFG.MC","Lafarge SA","Unknown","MercadoContinuo"
"13380701.VA","EUROCIS","Unknown","Unknown"
"16551603.VA","NAVALCUDIA INV R","Unknown","Unknown"
"RDM-Q.MC","RENO DE MEDICI RCV","Unknown","MercadoContinuo"
"18256101.BI","URBI","Unknown","Unknown"
"11278403.BI","BNP-ESPANA S.A.","Unknown","Unknown"
"11048013.VA","CIA LOG DE HID -A-","Unknown","Unknown"
"15558001.BI","CINSA","Unknown","Unknown"
"11048013.BI","CIA LOG DE HID -A-","Unknown","Unknown"
"15996501.VA","MANUFACT ESTAMBRE","Unknown","Unknown"
"13295501.VA","Cevasa (Esp Vivend Alquil","Unknown","Unknown"
"14694001.BI","Hullera Vasco Leonesa","Unknown","Unknown"
"17440001.VA","RUSTICAS","Unknown","Unknown"
"17326501.VA","REGIONAL INV N","Unknown","Unknown"
"15558001.VA","CINSA","Unknown","Unknown"
"16207103.VA","MEJANA N","Unknown","Unknown"
"18002003.VA","TRANSFESA R","Unknown","Unknown"
"11278403.VA","BNP-ESPANA S.A.","Unknown","Unknown"
"10735003.BC","AGUAS SABADELL R-A-","Unknown","Unknown"
"14763501.BI","IEG","Unknown","Unknown"
"17406601.BI","DOCUMENT ON DEMAND","Unknown","Unknown"
"11048013.MA","CIA LOG DE HID -A-","Unknown","Madrid"
