"Code","Symbol","Industry","Board"
"3130.TW","一零四","Unknown","Taiwan"
"2311.TW","日月光","Unknown","Taiwan"
"2374.TW","佳能","Unknown","Taiwan"
"4133.TW","亞諾法","Unknown","Taiwan"
"2444.TW","友旺","Unknown","Taiwan"
"6282.TW","康舒","Unknown","Taiwan"
"1102.TW","亞洲水泥","Unknown","Taiwan"
"2345.TW","智邦","Unknown","Taiwan"
"8374.TW","羅昇","Unknown","Taiwan"
"1466.TW","聚隆纖維","Unknown","Taiwan"
"2353.TW","宏碁","Unknown","Taiwan"
"3605.TW","宏致電子","Unknown","Taiwan"
"1715.TW","亞洲化學","Unknown","Taiwan"
"3024.TW","憶聲","Unknown","Taiwan"
"4142.TW","國光生技","Unknown","Taiwan"
"6166.TW","凌華","Unknown","Taiwan"
"1442.TW","名軒","Unknown","Taiwan"
"2395.TW","研華","Unknown","Taiwan"
"1514.TW","亞力電機","Unknown","Taiwan"
"1217.TW","愛之味","Unknown","Taiwan"
"3002.TW","歐格","Unknown","Taiwan"
"9912.TW","偉聯科技","Unknown","Taiwan"
"6225.TW","天瀚","Unknown","Taiwan"
"1626.TW","F-艾美","Unknown","Taiwan"
"1590.TW","F-亞德","Unknown","Taiwan"
"3041.TW","揚智","Unknown","Taiwan"
"3209.TW","全科科技","Unknown","Taiwan"
"3380.TW","明泰","Unknown","Taiwan"
"3059.TW","華晶科","Unknown","Taiwan"
"2704.TW","國賓","Unknown","Taiwan"
"2493.TW","揚博","Unknown","Taiwan"
"2489.TW","瑞軒","Unknown","Taiwan"
"6230.TW","超眾","Unknown","Taiwan"
"1701.TW","中國化學","Unknown","Taiwan"
"1762.TW","中化合成","Unknown","Taiwan"
"2613.TW","中櫃","Unknown","Taiwan"
"2883.TW","開發金","Unknown","Taiwan"
"1611.TW","中國電器","Unknown","Taiwan"
"1535.TW","中宇","Unknown","Taiwan"
"1305.TW","華夏塑膠","Unknown","Taiwan"
"5871.TW","F-中租","Unknown","Taiwan"
"2509.TW","全坤建","Unknown","Taiwan"
"2425.TW","承啟","Unknown","Taiwan"
"1806.TW","冠軍","Unknown","Taiwan"
"1468.TW","昶和纖維","Unknown","Taiwan"
"1541.TW","錩泰","Unknown","Taiwan"
"8070.TW","長華電材","Unknown","Taiwan"
"2722.TW","夏都","Unknown","Taiwan"
"9930.TW","中聯資源","Unknown","Taiwan"
"4164.TW","承業生醫","Unknown","Taiwan"
"1103.TW","嘉新水泥","Unknown","Taiwan"
"1727.TW","中華化","Unknown","Taiwan"
"3229.TW","晟鈦","Unknown","Taiwan"
"1513.TW","中興電工","Unknown","Taiwan"
"8210.TW","勤誠興業","Unknown","Taiwan"
"1904.TW","正隆","Unknown","Taiwan"
"4942.TW","嘉彰","Unknown","Taiwan"
"1449.TW","佳和實業","Unknown","Taiwan"
"2033.TW","佳大世界","Unknown","Taiwan"
"2385.TW","群光","Unknown","Taiwan"
"5515.TW","建國","Unknown","Taiwan"
"2024.TW","志聯工業","Unknown","Taiwan"
"2456.TW","奇力新","Unknown","Taiwan"
"1809.TW","中國製釉","Unknown","Taiwan"
"8163.TW","達方電子","Unknown","Taiwan"
"3094.TW","聯傑國際","Unknown","Taiwan"
"5234.TW","達興材料","Unknown","Taiwan"
"910861.TW","神州","Unknown","Taiwan"
"1464.TW","得力","Unknown","Taiwan"
"2530.TW","華建","Unknown","Taiwan"
"3599.TW","旺能光電","Unknown","Taiwan"
"2308.TW","台達電","Unknown","Taiwan"
"6605.TW","帝寶","Unknown","Taiwan"
"2397.TW","友通","Unknown","Taiwan"
"2332.TW","友訊","Unknown","Taiwan"
"6216.TW","居易","Unknown","Taiwan"
"911616.TW","杜康","Unknown","Taiwan"
"6251.TW","定穎電子","Unknown","Taiwan"
"2884.TW","玉山金","Unknown","Taiwan"
"2483.TW","百容","Unknown","Taiwan"
"1476.TW","儒鴻企業","Unknown","Taiwan"
"3047.TW","訊舟","Unknown","Taiwan"
"3591.TW","艾笛森","Unknown","Taiwan"
"3048.TW","益登","Unknown","Taiwan"
"3038.TW","全台","Unknown","Taiwan"
"2607.TW","榮運","Unknown","Taiwan"
"2458.TW","義隆","Unknown","Taiwan"
"3450.TW","聯鈞","Unknown","Taiwan"
"2497.TW","怡利電","Unknown","Taiwan"
"6281.TW","全國電","Unknown","Taiwan"
"2331.TW","精英","Unknown","Taiwan"
"1735.TW","日勝化工","Unknown","Taiwan"
"2383.TW","台光電","Unknown","Taiwan"
"2603.TW","長榮","Unknown","Taiwan"
"2614.TW","東森","Unknown","Taiwan"
"6243.TW","迅杰","Unknown","Taiwan"
"1709.TW","和益化工","Unknown","Taiwan"
"1436.TW","福益","Unknown","Taiwan"
"9802.TW","F-鈺齊","Unknown","Taiwan"
"1219.TW","福壽","Unknown","Taiwan"
"3312.TW","弘憶股","Unknown","Taiwan"
"3557.TW","嘉威光電","Unknown","Taiwan"
"6191.TW","精成科技","Unknown","Taiwan"
"2368.TW","金像","Unknown","Taiwan"
"9905.TW","大華金屬","Unknown","Taiwan"
"1539.TW","巨庭機械","Unknown","Taiwan"
"2460.TW","建通","Unknown","Taiwan"
"4906.TW","正文","Unknown","Taiwan"
"4952.TW","凌通科技","Unknown","Taiwan"
"3406.TW","玉晶光","Unknown","Taiwan"
"3164.TW","景岳生技","Unknown","Taiwan"
"3356.TW","奇偶科技","Unknown","Taiwan"
"3519.TW","綠能","Unknown","Taiwan"
"2707.TW","晶華酒店","Unknown","Taiwan"
"9921.TW","巨大機械","Unknown","Taiwan"
"8105.TW","凌巨","Unknown","Taiwan"
"2376.TW","技嘉","Unknown","Taiwan"
"2406.TW","國碩","Unknown","Taiwan"
"3514.TW","昱晶能源","Unknown","Taiwan"
"1324.TW","地球","Unknown","Taiwan"
"9934.TW","成霖","Unknown","Taiwan"
"4935.TW","F-茂林","Unknown","Taiwan"
"8081.TW","致新","Unknown","Taiwan"
"6133.TW","金橋","Unknown","Taiwan"
"910801.TW","金衛醫療","Unknown","Taiwan"
"912398.TW","友佳國際","Unknown","Taiwan"
"1583.TW","程泰","Unknown","Taiwan"
"1524.TW","耿鼎","Unknown","Taiwan"
"2486.TW","一詮","Unknown","Taiwan"
"3022.TW","威達電","Unknown","Taiwan"
"1456.TW","怡華","Unknown","Taiwan"
"3598.TW","奕力科技","Unknown","Taiwan"
"3638.TW","F-IML","Unknown","Taiwan"
"6117.TW","迎廣","Unknown","Taiwan"
"2491.TW","吉祥全","Unknown","Taiwan"
"2495.TW","普安","Unknown","Taiwan"
"3474.TW","華亞科","Unknown","Taiwan"
"2356.TW","英業達","Unknown","Taiwan"
"3481.TW","群創光電","Unknown","Taiwan"
"6115.TW","鎰勝","Unknown","Taiwan"
"3014.TW","聯陽","Unknown","Taiwan"
"6213.TW","聯茂","Unknown","Taiwan"
"2442.TW","新美齊","Unknown","Taiwan"
"3653.TW","健策","Unknown","Taiwan"
"1538.TW","正峰新","Unknown","Taiwan"
"3011.TW","今皓","Unknown","Taiwan"
"1736.TW","喬山","Unknown","Taiwan"
"2540.TW","金尚昌","Unknown","Taiwan"
"8429.TW","F-金麗","Unknown","Taiwan"
"1512.TW","瑞利","Unknown","Taiwan"
"1540.TW","喬福機械","Unknown","Taiwan"
"6197.TW","佳必琪","Unknown","Taiwan"
"1617.TW","榮星電線","Unknown","Taiwan"
"3584.TW","介面光電","Unknown","Taiwan"
"6165.TW","捷泰","Unknown","Taiwan"
"9136.TW","巨騰","Unknown","Taiwan"
"2461.TW","光群雷","Unknown","Taiwan"
"1531.TW","高林股","Unknown","Taiwan"
"6155.TW","鈞寶電子","Unknown","Taiwan"
"2546.TW","根基","Unknown","Taiwan"
"1477.TW","聚陽","Unknown","Taiwan"
"1732.TW","毛寶","Unknown","Taiwan"
"9942.TW","茂順","Unknown","Taiwan"
"3315.TW","宣昶","Unknown","Taiwan"
"2020.TW","美亞","Unknown","Taiwan"
"1731.TW","美吾華","Unknown","Taiwan"
"2427.TW","三商電","Unknown","Taiwan"
"2454.TW","聯發科","Unknown","Taiwan"
"9103.TW","美德醫","Unknown","Taiwan"
"2886.TW","兆豐金","Unknown","Taiwan"
"2477.TW","美隆電","Unknown","Taiwan"
"2905.TW","三 商 行","Unknown","Taiwan"
"2867.TW","三商壽","Unknown","Taiwan"
"2439.TW","美律","Unknown","Taiwan"
"6196.TW","帆宣","Unknown","Taiwan"
"9914.TW","美利達","Unknown","Taiwan"
"2315.TW","神達","Unknown","Taiwan"
"2305.TW","全友","Unknown","Taiwan"
"3060.TW","銘異","Unknown","Taiwan"
"2464.TW","盟立","Unknown","Taiwan"
"2856.TW","元富證券","Unknown","Taiwan"
"1533.TW","車王電","Unknown","Taiwan"
"2434.TW","統懋","Unknown","Taiwan"
"2377.TW","微星","Unknown","Taiwan"
"3697.TW","F-晨星","Unknown","Taiwan"
"3005.TW","神基","Unknown","Taiwan"
"2314.TW","台揚","Unknown","Taiwan"
"911626.TW","華運中國","Unknown","Taiwan"
"2361.TW","鴻友","Unknown","Taiwan"
"2342.TW","茂矽","Unknown","Taiwan"
"2337.TW","旺宏","Unknown","Taiwan"
"8046.TW","南電","Unknown","Taiwan"
"2429.TW","銘旺科","Unknown","Taiwan"
"2382.TW","廣達","Unknown","Taiwan"
"2352.TW","佳世達","Unknown","Taiwan"
"4722.TW","國精化學","Unknown","Taiwan"
"2017.TW","官田鋼","Unknown","Taiwan"
"1506.TW","正道","Unknown","Taiwan"
"2547.TW","日勝生","Unknown","Taiwan"
"2437.TW","旺詮","Unknown","Taiwan"
"2597.TW","潤弘精密","Unknown","Taiwan"
"4532.TW","瑞智","Unknown","Taiwan"
"2302.TW","麗正","Unknown","Taiwan"
"1423.TW","利華羊毛","Unknown","Taiwan"
"1515.TW","力山工業","Unknown","Taiwan"
"6286.TW","立錡科技","Unknown","Taiwan"
"2349.TW","錸德","Unknown","Taiwan"
"6176.TW","瑞儀","Unknown","Taiwan"
"4414.TW","如興","Unknown","Taiwan"
"4141.TW","F-龍燈","Unknown","Taiwan"
"2379.TW","瑞昱","Unknown","Taiwan"
"9945.TW","潤泰新","Unknown","Taiwan"
"2915.TW","潤泰全球","Unknown","Taiwan"
"1808.TW","潤隆","Unknown","Taiwan"
"5608.TW","四維航","Unknown","Taiwan"
"1720.TW","生達化學","Unknown","Taiwan"
"1227.TW","佳格食品","Unknown","Taiwan"
"9926.TW","新海瓦斯","Unknown","Taiwan"
"9918.TW","欣天然","Unknown","Taiwan"
"2539.TW","櫻花建","Unknown","Taiwan"
"1604.TW","聲寶","Unknown","Taiwan"
"1307.TW","三芳化工","Unknown","Taiwan"
"5007.TW","三星科技","Unknown","Taiwan"
"2206.TW","三陽工業","Unknown","Taiwan"
"1526.TW","日馳","Unknown","Taiwan"
"2387.TW","精元","Unknown","Taiwan"
"8112.TW","至上","Unknown","Taiwan"
"4733.TW","上緯","Unknown","Taiwan"
"5525.TW","順天","Unknown","Taiwan"
"1582.TW","信錦","Unknown","Taiwan"
"2347.TW","聯強","Unknown","Taiwan"
"6112.TW","聚碩","Unknown","Taiwan"
"2453.TW","凌群","Unknown","Taiwan"
"6214.TW","精誠","Unknown","Taiwan"
"3376.TW","新日興","Unknown","Taiwan"
"1724.TW","台硝","Unknown","Taiwan"
"1310.TW","臺灣苯乙烯","Unknown","Taiwan"
"1453.TW","大將","Unknown","Taiwan"
"1609.TW","大亞電纜","Unknown","Taiwan"
"9941.TW","裕融","Unknown","Taiwan"
"1441.TW","大東紡織","Unknown","Taiwan"
"1315.TW","達新工業","Unknown","Taiwan"
"2478.TW","大毅","Unknown","Taiwan"
"3432.TW","台端","Unknown","Taiwan"
"8039.TW","台虹","Unknown","Taiwan"
"1613.TW","台一","Unknown","Taiwan"
"1473.TW","台南企業","Unknown","Taiwan"
"5906.TW","F-台南","Unknown","Taiwan"
"1440.TW","台南紡織","Unknown","Taiwan"
"4934.TW","太極能源","Unknown","Taiwan"
"1220.TW","台榮","Unknown","Taiwan"
"911611.TW","中泰山","Unknown","Taiwan"
"1218.TW","泰山","Unknown","Taiwan"
"1722.TW","台灣肥料","Unknown","Taiwan"
"9924.TW","臺灣福興","Unknown","Taiwan"
"1802.TW","臺灣玻璃","Unknown","Taiwan"
"2364.TW","倫飛","Unknown","Taiwan"
"3045.TW","台灣大哥大","Unknown","Taiwan"
"3042.TW","晶技","Unknown","Taiwan"
"1522.TW","堤維西","Unknown","Taiwan"
"911622.TW","泰聚亨","Unknown","Taiwan"
"2022.TW","聚亨","Unknown","Taiwan"
"1319.TW","東陽","Unknown","Taiwan"
"2426.TW","鼎元","Unknown","Taiwan"
"2838.TW","聯邦銀行","Unknown","Taiwan"
"1104.TW","環球水泥","Unknown","Taiwan"
"911610.TW","聯環","Unknown","Taiwan"
"2482.TW","連宇","Unknown","Taiwan"
"2404.TW","漢唐","Unknown","Taiwan"
"1325.TW","恒大","Unknown","Taiwan"
"2303.TW","聯電","Unknown","Taiwan"
"2413.TW","環科","Unknown","Taiwan"
"2606.TW","裕民","Unknown","Taiwan"
"3013.TW","晟銘電","Unknown","Taiwan"
"2499.TW","東貝","Unknown","Taiwan"
"3037.TW","欣興","Unknown","Taiwan"
"2816.TW","旺旺保險","Unknown","Taiwan"
"2367.TW","燿華","Unknown","Taiwan"
"1445.TW","大宇紡織","Unknown","Taiwan"
"3704.TW","合勤控","Unknown","Taiwan"
"1313.TW","聯成","Unknown","Taiwan"
"1304.TW","台灣聚合","Unknown","Taiwan"
"2414.TW","精技","Unknown","Taiwan"
"3050.TW","鈺德","Unknown","Taiwan"
"1203.TW","味王","Unknown","Taiwan"
"2348.TW","力廣","Unknown","Taiwan"
"2388.TW","威盛","Unknown","Taiwan"
"3454.TW","晶睿","Unknown","Taiwan"
"1528.TW","恩德科技","Unknown","Taiwan"
"6289.TW","華上","Unknown","Taiwan"
"3046.TW","建碁","Unknown","Taiwan"
"8271.TW","宇瞻","Unknown","Taiwan"
"1308.TW","亞聚","Unknown","Taiwan"
"6108.TW","競國實業","Unknown","Taiwan"
"8261.TW","富鼎先進","Unknown","Taiwan"
"3052.TW","夆典","Unknown","Taiwan"
"4106.TW","雃博","Unknown","Taiwan"
"1733.TW","五鼎","Unknown","Taiwan"
"3596.TW","智易科技","Unknown","Taiwan"
"2471.TW","資通","Unknown","Taiwan"
"8101.TW","華冠","Unknown","Taiwan"
"2433.TW","互盛電","Unknown","Taiwan"
"3019.TW","亞洲光學","Unknown","Taiwan"
"1337.TW","F-再生","Unknown","Taiwan"
"5269.TW","祥碩科技","Unknown","Taiwan"
"3515.TW","華擎","Unknown","Taiwan"
"2357.TW","華碩","Unknown","Taiwan"
"6277.TW","宏正","Unknown","Taiwan"
"2459.TW","敦吉","Unknown","Taiwan"
"2409.TW","友達","Unknown","Taiwan"
"2373.TW","震旦行","Unknown","Taiwan"
"6215.TW","和椿","Unknown","Taiwan"
"8072.TW","陞泰科技","Unknown","Taiwan"
"3017.TW","奇鋐","Unknown","Taiwan"
"2417.TW","圓剛","Unknown","Taiwan"
"3669.TW","圓展科技","Unknown","Taiwan"
"2380.TW","虹光","Unknown","Taiwan"
"1530.TW","亞崴電機","Unknown","Taiwan"
"3694.TW","海華","Unknown","Taiwan"
"2836.TW","高雄銀行","Unknown","Taiwan"
"2823.TW","中國人壽","Unknown","Taiwan"
"2002.TW","中國鋼鐵","Unknown","Taiwan"
"2104.TW","中國橡膠","Unknown","Taiwan"
"2204.TW","中華汽車","Unknown","Taiwan"
"2891.TW","中信金","Unknown","Taiwan"
"9935.TW","慶豐富","Unknown","Taiwan"
"2355.TW","敬鵬","Unknown","Taiwan"
"9929.TW","秋雨創新","Unknown","Taiwan"
"5534.TW","長虹","Unknown","Taiwan"
"1905.TW","中華紙漿","Unknown","Taiwan"
"2360.TW","致茂","Unknown","Taiwan"
"2412.TW","中華電信","Unknown","Taiwan"
"2012.TW","春雨工廠","Unknown","Taiwan"
"2010.TW","春源鋼鐵","Unknown","Taiwan"
"2014.TW","中鴻","Unknown","Taiwan"
"1439.TW","中和羊毛","Unknown","Taiwan"
"9958.TW","世紀鋼","Unknown","Taiwan"
"8422.TW","可寧衛","Unknown","Taiwan"
"2362.TW","藍天","Unknown","Taiwan"
"2323.TW","中環","Unknown","Taiwan"
"3257.TW","虹冠電","Unknown","Taiwan"
"1718.TW","中國人纖","Unknown","Taiwan"
"4960.TW","奇美材料","Unknown","Taiwan"
"1532.TW","勤美","Unknown","Taiwan"
"2612.TW","中航","Unknown","Taiwan"
"4984.TW","F-科納","Unknown","Taiwan"
"4144.TW","F-康聯","Unknown","Taiwan"
"2906.TW","高林實業","Unknown","Taiwan"
"2324.TW","仁寶","Unknown","Taiwan"
"2313.TW","華通","Unknown","Taiwan"
"3032.TW","偉訓","Unknown","Taiwan"
"3703.TW","欣陸","Unknown","Taiwan"
"2438.TW","英誌","Unknown","Taiwan"
"3573.TW","穎台科技","Unknown","Taiwan"
"4956.TW","光鋐科技","Unknown","Taiwan"
"2448.TW","晶電","Unknown","Taiwan"
"3006.TW","晶豪科","Unknown","Taiwan"
"2849.TW","安泰商銀","Unknown","Taiwan"
"1717.TW","長興化學","Unknown","Taiwan"
"2618.TW","長榮航","Unknown","Taiwan"
"1460.TW","宏遠","Unknown","Taiwan"
"5484.TW","慧友","Unknown","Taiwan"
"2393.TW","億光","Unknown","Taiwan"
"1711.TW","永光化學","Unknown","Taiwan"
"2390.TW","云辰","Unknown","Taiwan"
"1470.TW","大統染","Unknown","Taiwan"
"1616.TW","億泰電纜","Unknown","Taiwan"
"4104.TW","佳醫","Unknown","Taiwan"
"1516.TW","川飛","Unknown","Taiwan"
"4904.TW","遠傳","Unknown","Taiwan"
"3035.TW","智原","Unknown","Taiwan"
"1730.TW","花仙子","Unknown","Taiwan"
"5522.TW","遠雄建設","Unknown","Taiwan"
"5607.TW","遠雄港","Unknown","Taiwan"
"8131.TW","福懋科技","Unknown","Taiwan"
"3535.TW","晶彩科","Unknown","Taiwan"
"0058.TW","FB發達","Unknown","Taiwan"
"0059.TW","FB金融","Unknown","Taiwan"
"0057.TW","FB摩台","Unknown","Taiwan"
"0052.TW","FB科技","Unknown","Taiwan"
"006208.TW","FB台50","Unknown","Taiwan"
"2009.TW","第一伸銅","Unknown","Taiwan"
"1326.TW","台灣化纖","Unknown","Taiwan"
"1519.TW","華城電機","Unknown","Taiwan"
"5907.TW","F-大洋","Unknown","Taiwan"
"2723.TW","F-美食","Unknown","Taiwan"
"6128.TW","上福","Unknown","Taiwan"
"3383.TW","新世紀","Unknown","Taiwan"
"1312.TW","國喬石化","Unknown","Taiwan"
"1707.TW","葡萄王","Unknown","Taiwan"
"1210.TW","大成長城","Unknown","Taiwan"
"3559.TW","全智科技","Unknown","Taiwan"
"2476.TW","鉅祥","Unknown","Taiwan"
"913889.TW","大成糖","Unknown","Taiwan"
"3149.TW","正達國際","Unknown","Taiwan"
"9908.TW","大台北瓦斯","Unknown","Taiwan"
"2441.TW","超豐","Unknown","Taiwan"
"1437.TW","勤益","Unknown","Taiwan"
"3443.TW","創意","Unknown","Taiwan"
"3040.TW","遠見","Unknown","Taiwan"
"2423.TW","固緯","Unknown","Taiwan"
"1413.TW","宏洲化工","Unknown","Taiwan"
"2038.TW","海光企業","Unknown","Taiwan"
"6116.TW","彩晶","Unknown","Taiwan"
"2488.TW","漢平","Unknown","Taiwan"
"6168.TW","宏齊","Unknown","Taiwan"
"1810.TW","和成欣業","Unknown","Taiwan"
"1608.TW","華榮","Unknown","Taiwan"
"1234.TW","黑松","Unknown","Taiwan"
"911602.TW","華豐泰","Unknown","Taiwan"
"2702.TW","華園","Unknown","Taiwan"
"2542.TW","興富發","Unknown","Taiwan"
"1338.TW","F-廣華","Unknown","Taiwan"
"911619.TW","HISAKA","Unknown","Taiwan"
"3494.TW","誠研","Unknown","Taiwan"
"2419.TW","仲琦","Unknown","Taiwan"
"2538.TW","基泰","Unknown","Taiwan"
"2106.TW","建大工業","Unknown","Taiwan"
"2608.TW","嘉里大榮","Unknown","Taiwan"
"8427.TW","F-基勝","Unknown","Taiwan"
"1416.TW","廣豐實業","Unknown","Taiwan"
"2008.TW","高興昌","Unknown","Taiwan"
"2520.TW","冠德","Unknown","Taiwan"
"2059.TW","川湖","Unknown","Taiwan"
"8411.TW","F-福貞","Unknown","Taiwan"
"1560.TW","中砂","Unknown","Taiwan"
"6209.TW","今國光學","Unknown","Taiwan"
"2312.TW","金寶","Unknown","Taiwan"
"3189.TW","景碩","Unknown","Taiwan"
"911201.TW","僑威","Unknown","Taiwan"
"9919.TW","康那香","Unknown","Taiwan"
"5215.TW","F-科嘉","Unknown","Taiwan"
"1805.TW","寶徠建設","Unknown","Taiwan"
"1525.TW","江申","Unknown","Taiwan"
"5521.TW","工信","Unknown","Taiwan"
"3003.TW","健和興","Unknown","Taiwan"
"2809.TW","京城銀","Unknown","Taiwan"
"2524.TW","京城","Unknown","Taiwan"
"1537.TW","廣隆光電","Unknown","Taiwan"
"2505.TW","國揚","Unknown","Taiwan"
"2365.TW","昆盈","Unknown","Taiwan"
"2449.TW","京元電","Unknown","Taiwan"
"5225.TW","東科控股","Unknown","Taiwan"
"6139.TW","亞翔","Unknown","Taiwan"
"1459.TW","聯發紡織","Unknown","Taiwan"
"3008.TW","大立光","Unknown","Taiwan"
"1909.TW","榮成紙業","Unknown","Taiwan"
"1704.TW","榮化","Unknown","Taiwan"
"3004.TW","豐達科技","Unknown","Taiwan"
"1702.TW","南僑化工","Unknown","Taiwan"
"2101.TW","南港輪胎","Unknown","Taiwan"
"2108.TW","南帝化工","Unknown","Taiwan"
"3090.TW","日電貿","Unknown","Taiwan"
"911868.TW","真明麗","Unknown","Taiwan"
"2516.TW","新建","Unknown","Taiwan"
"8940.TW","新天地","Unknown","Taiwan"
"9106.TW","新焦點","Unknown","Taiwan"
"1451.TW","年興紡織","Unknown","Taiwan"
"3679.TW","新至陞科技","Unknown","Taiwan"
"910708.TW","新傳媒","Unknown","Taiwan"
"3034.TW","聯詠","Unknown","Taiwan"
"9937.TW","全國加油站","Unknown","Taiwan"
"1303.TW","南亞塑膠","Unknown","Taiwan"
"3576.TW","新日光","Unknown","Taiwan"
"2408.TW","南科","Unknown","Taiwan"
"4919.TW","新唐科技","Unknown","Taiwan"
"1410.TW","南洋染整","Unknown","Taiwan"
"1213.TW","大飲","Unknown","Taiwan"
"910579.TW","歐聖","Unknown","Taiwan"
"1321.TW","大洋","Unknown","Taiwan"
"3051.TW","力特","Unknown","Taiwan"
"2340.TW","光磊","Unknown","Taiwan"
"3545.TW","旭曜","Unknown","Taiwan"
"2329.TW","華泰","Unknown","Taiwan"
"1710.TW","東聯化學","Unknown","Taiwan"
"1906.TW","寶隆","Unknown","Taiwan"
"8404.TW","F-百和","Unknown","Taiwan"
"2481.TW","強茂","Unknown","Taiwan"
"2328.TW","廣宇","Unknown","Taiwan"
"6226.TW","光鼎電子","Unknown","Taiwan"
"1614.TW","三洋電機","Unknown","Taiwan"
"4119.TW","旭富","Unknown","Taiwan"
"3583.TW","辛耘","Unknown","Taiwan"
"3579.TW","尚志","Unknown","Taiwan"
"2351.TW","順德","Unknown","Taiwan"
"9955.TW","佳龍","Unknown","Taiwan"
"3561.TW","昇陽光電","Unknown","Taiwan"
"1503.TW","士林電機","Unknown","Taiwan"
"2450.TW","神腦","Unknown","Taiwan"
"5388.TW","中磊","Unknown","Taiwan"
"910069.TW","新曄","Unknown","Taiwan"
"1708.TW","東鹼","Unknown","Taiwan"
"2029.TW","盛餘","Unknown","Taiwan"
"3305.TW","昇貿科技","Unknown","Taiwan"
"1903.TW","士林紙業","Unknown","Taiwan"
"2901.TW","欣欣大眾","Unknown","Taiwan"
"1235.TW","興泰","Unknown","Taiwan"
"9944.TW","新麗","Unknown","Taiwan"
"5531.TW","鄉林建設","Unknown","Taiwan"
"1419.TW","新光紡織","Unknown","Taiwan"
"1773.TW","勝一化工","Unknown","Taiwan"
"2405.TW","浩鑫","Unknown","Taiwan"
"6257.TW","矽格","Unknown","Taiwan"
"2325.TW","矽品","Unknown","Taiwan"
"3311.TW","閎暉","Unknown","Taiwan"
"912000.TW","晨訊科","Unknown","Taiwan"
"3023.TW","信邦","Unknown","Taiwan"
"2032.TW","新鋼工業","Unknown","Taiwan"
"2923.TW","F-鼎固","Unknown","Taiwan"
"1712.TW","興農","Unknown","Taiwan"
"006204.TW","豐臺灣","Unknown","Taiwan"
"2890.TW","永豐金控","Unknown","Taiwan"
"2833.TW","台灣人壽","Unknown","Taiwan"
"9938.TW","百和","Unknown","Taiwan"
"9911.TW","台灣櫻花","Unknown","Taiwan"
"9917.TW","中保","Unknown","Taiwan"
"2617.TW","台航","Unknown","Taiwan"
"1737.TW","臺鹽","Unknown","Taiwan"
"1432.TW","大魯閣","Unknown","Taiwan"
"2371.TW","大同","Unknown","Taiwan"
"2834.TW","台灣企銀","Unknown","Taiwan"
"2027.TW","大成鋼","Unknown","Taiwan"
"2847.TW","大眾商銀","Unknown","Taiwan"
"8926.TW","台汽電","Unknown","Taiwan"
"1101.TW","臺灣水泥","Unknown","Taiwan"
"2812.TW","台中商銀","Unknown","Taiwan"
"5880.TW","合庫金控","Unknown","Taiwan"
"2841.TW","台開","Unknown","Taiwan"
"2375.TW","智寶","Unknown","Taiwan"
"1504.TW","東元電機","Unknown","Taiwan"
"2321.TW","東訊","Unknown","Taiwan"
"1233.TW","天仁","Unknown","Taiwan"
"2908.TW","特力","Unknown","Taiwan"
"1467.TW","南緯","Unknown","Taiwan"
"2832.TW","台灣產物","Unknown","Taiwan"
"6271.TW","同欣電子","Unknown","Taiwan"
"9902.TW","台火開發","Unknown","Taiwan"
"910322.TW","康師傅","Unknown","Taiwan"
"2430.TW","燦坤","Unknown","Taiwan"
"2428.TW","興勤","Unknown","Taiwan"
"2338.TW","光罩","Unknown","Taiwan"
"9927.TW","泰銘","Unknown","Taiwan"
"0051.TW","中100","Unknown","Taiwan"
"3645.TW","達邁科技","Unknown","Taiwan"
"9110.TW","越南控","Unknown","Taiwan"
"2455.TW","全新","Unknown","Taiwan"
"6235.TW","華孚科技","Unknown","Taiwan"
"3010.TW","華立","Unknown","Taiwan"
"1605.TW","華新麗華","Unknown","Taiwan"
"8110.TW","華東科技","Unknown","Taiwan"
"2615.TW","萬海","Unknown","Taiwan"
"2701.TW","萬企","Unknown","Taiwan"
"9151.TW","旺旺","Unknown","Taiwan"
"2889.TW","國票金","Unknown","Taiwan"
"2537.TW","聯上開發","Unknown","Taiwan"
"2344.TW","華邦電","Unknown","Taiwan"
"2028.TW","威致","Unknown","Taiwan"
"1201.TW","味全食品","Unknown","Taiwan"
"3033.TW","威健","Unknown","Taiwan"
"3501.TW","維熹科技","Unknown","Taiwan"
"3021.TW","衛展資訊","Unknown","Taiwan"
"2436.TW","偉詮電","Unknown","Taiwan"
"3419.TW","譁裕","Unknown","Taiwan"
"3036.TW","文曄","Unknown","Taiwan"
"2384.TW","勝華","Unknown","Taiwan"
"2637.TW","F-慧洋","Unknown","Taiwan"
"008201.TW","上證50","Unknown","Taiwan"
"1465.TW","偉全","Unknown","Taiwan"
"3231.TW","緯創","Unknown","Taiwan"
"6285.TW","啟碁","Unknown","Taiwan"
"2727.TW","王品","Unknown","Taiwan"
"3702.TW","大聯大","Unknown","Taiwan"
"2492.TW","華新科","Unknown","Taiwan"
"2316.TW","楠梓電","Unknown","Taiwan"
"1339.TW","昭輝","Unknown","Taiwan"
"3705.TW","永信","Unknown","Taiwan"
"1527.TW","鑽全","Unknown","Taiwan"
"2515.TW","中工","Unknown","Taiwan"
"8201.TW","無敵科技","Unknown","Taiwan"
"3308.TW","聯德電子","Unknown","Taiwan"
"911608.TW","明輝","Unknown","Taiwan"
"3665.TW","F-貿聯","Unknown","Taiwan"
"3027.TW","盛達","Unknown","Taiwan"
"6172.TW","互億","Unknown","Taiwan"
"4737.TW","華廣","Unknown","Taiwan"
"2399.TW","映泰","Unknown","Taiwan"
"8215.TW","明基材料","Unknown","Taiwan"
"5469.TW","瀚宇博德","Unknown","Taiwan"
"3031.TW","佰鴻","Unknown","Taiwan"
"2467.TW","志聖","Unknown","Taiwan"
"1435.TW","中福國際","Unknown","Taiwan"
"2801.TW","彰銀","Unknown","Taiwan"
"2851.TW","中再保","Unknown","Taiwan"
"2610.TW","華航","Unknown","Taiwan"
"4976.TW","佳凌科技","Unknown","Taiwan"
"6142.TW","友勁","Unknown","Taiwan"
"6153.TW","嘉聯益","Unknown","Taiwan"
"1417.TW","嘉裕","Unknown","Taiwan"
"3054.TW","萬國","Unknown","Taiwan"
"5264.TW","F-鎧勝","Unknown","Taiwan"
"2474.TW","可成","Unknown","Taiwan"
"1713.TW","國泰化工","Unknown","Taiwan"
"2501.TW","國建","Unknown","Taiwan"
"2882.TW","國泰金","Unknown","Taiwan"
"2504.TW","國產","Unknown","Taiwan"
"2820.TW","華票","Unknown","Taiwan"
"9105.TW","泰金寶","Unknown","Taiwan"
"8078.TW","華寶通訊","Unknown","Taiwan"
"9906.TW","興達","Unknown","Taiwan"
"2466.TW","冠西電","Unknown","Taiwan"
"6205.TW","詮欣","Unknown","Taiwan"
"3607.TW","谷崧精密","Unknown","Taiwan"
"1314.TW","中石化","Unknown","Taiwan"
"1215.TW","卜蜂企業","Unknown","Taiwan"
"2475.TW","華映","Unknown","Taiwan"
"2528.TW","皇普","Unknown","Taiwan"
"1463.TW","強盛染整","Unknown","Taiwan"
"2208.TW","台船公司","Unknown","Taiwan"
"6005.TW","群益證","Unknown","Taiwan"
"1723.TW","中鋼碳素","Unknown","Taiwan"
"8249.TW","菱光科技","Unknown","Taiwan"
"2837.TW","萬泰銀行","Unknown","Taiwan"
"2013.TW","中鋼構","Unknown","Taiwan"
"2025.TW","千興","Unknown","Taiwan"
"2105.TW","正新橡膠","Unknown","Taiwan"
"3550.TW","聯穎","Unknown","Taiwan"
"9933.TW","中鼎","Unknown","Taiwan"
"9928.TW","中國電視","Unknown","Taiwan"
"2231.TW","為升","Unknown","Taiwan"
"8103.TW","瀚荃","Unknown","Taiwan"
"1603.TW","中華電纜","Unknown","Taiwan"
"2415.TW","錩新","Unknown","Taiwan"
"5203.TW","訊連","Unknown","Taiwan"
"3617.TW","碩天","Unknown","Taiwan"
"3062.TW","建漢","Unknown","Taiwan"
"2535.TW","達欣工","Unknown","Taiwan"
"6184.TW","大豐電","Unknown","Taiwan"
"1615.TW","大山電纜","Unknown","Taiwan"
"1521.TW","大億","Unknown","Taiwan"
"3686.TW","達能科技","Unknown","Taiwan"
"2102.TW","泰豐輪胎","Unknown","Taiwan"
"2903.TW","遠東百貨","Unknown","Taiwan"
"2845.TW","遠東商銀","Unknown","Taiwan"
"1402.TW","遠東新","Unknown","Taiwan"
"2892.TW","第一金","Unknown","Taiwan"
"2015.TW","豐興鋼鐵","Unknown","Taiwan"
"006207.TW","FH滬深","Unknown","Taiwan"
"3701.TW","大眾控","Unknown","Taiwan"
"2706.TW","第一店","Unknown","Taiwan"
"2852.TW","第一保","Unknown","Taiwan"
"2468.TW","華經","Unknown","Taiwan"
"6269.TW","台郡","Unknown","Taiwan"
"6206.TW","飛捷","Unknown","Taiwan"
"1225.TW","福懋油脂","Unknown","Taiwan"
"3061.TW","璨圓","Unknown","Taiwan"
"6120.TW","輔祥","Unknown","Taiwan"
"1434.TW","福懋","Unknown","Taiwan"
"2107.TW","厚生","Unknown","Taiwan"
"5533.TW","皇鼎建設","Unknown","Taiwan"
"2354.TW","鴻準","Unknown","Taiwan"
"2392.TW","正崴","Unknown","Taiwan"
"1301.TW","台灣塑膠","Unknown","Taiwan"
"6505.TW","台塑化","Unknown","Taiwan"
"4746.TW","台耀化學","Unknown","Taiwan"
"2030.TW","彰源","Unknown","Taiwan"
"2601.TW","益航","Unknown","Taiwan"
"3532.TW","台勝科","Unknown","Taiwan"
"9910.TW","豐泰企業","Unknown","Taiwan"
"6136.TW","富爾特","Unknown","Taiwan"
"2881.TW","富邦金","Unknown","Taiwan"
"0015.TW","富邦","Unknown","Taiwan"
"006205.TW","富邦上証180","Unknown","Taiwan"
"2049.TW","上銀科技","Unknown","Taiwan"
"2880.TW","華南金","Unknown","Taiwan"
"1714.TW","和桐化學","Unknown","Taiwan"
"1618.TW","合機電纜","Unknown","Taiwan"
"9943.TW","好樂迪","Unknown","Taiwan"
"6202.TW","盛群","Unknown","Taiwan"
"3026.TW","禾伸堂","Unknown","Taiwan"
"9939.TW","宏全","Unknown","Taiwan"
"2317.TW","鴻海","Unknown","Taiwan"
"1446.TW","宏和紡織","Unknown","Taiwan"
"1612.TW","宏泰電工","Unknown","Taiwan"
"1452.TW","宏益纖維","Unknown","Taiwan"
"1474.TW","弘裕","Unknown","Taiwan"
"1536.TW","和大","Unknown","Taiwan"
"2207.TW","和泰汽車","Unknown","Taiwan"
"2534.TW","宏盛","Unknown","Taiwan"
"0080.TW","恒中國","Unknown","Taiwan"
"0081.TW","恒香港","Unknown","Taiwan"
"9931.TW","欣高","Unknown","Taiwan"
"2031.TW","新光鋼鐵","Unknown","Taiwan"
"1109.TW","信大水泥","Unknown","Taiwan"
"2498.TW","宏達電","Unknown","Taiwan"
"911612.TW","滬安","Unknown","Taiwan"
"2548.TW","華固","Unknown","Taiwan"
"2545.TW","皇翔","Unknown","Taiwan"
"2527.TW","宏璟","Unknown","Taiwan"
"2536.TW","宏普","Unknown","Taiwan"
"1236.TW","宏亞食品","Unknown","Taiwan"
"2109.TW","華豐橡膠","Unknown","Taiwan"
"2543.TW","皇昌","Unknown","Taiwan"
"2114.TW","鑫永銓","Unknown","Taiwan"
"2402.TW","毅嘉","Unknown","Taiwan"
"3588.TW","通嘉","Unknown","Taiwan"
"2443.TW","新利虹","Unknown","Taiwan"
"3058.TW","立德","Unknown","Taiwan"
"2465.TW","麗臺","Unknown","Taiwan"
"1444.TW","力麗","Unknown","Taiwan"
"6164.TW","華興電子","Unknown","Taiwan"
"1517.TW","利奇機械","Unknown","Taiwan"
"2472.TW","立隆電","Unknown","Taiwan"
"2705.TW","六福","Unknown","Taiwan"
"2911.TW","麗嬰房","Unknown","Taiwan"
"3698.TW","隆達電子","Unknown","Taiwan"
"1229.TW","聯華實業","Unknown","Taiwan"
"4426.TW","利勤實業","Unknown","Taiwan"
"1231.TW","聯華食品","Unknown","Taiwan"
"2431.TW","聯昌","Unknown","Taiwan"
"1469.TW","理隆纖維","Unknown","Taiwan"
"1443.TW","立益紡織","Unknown","Taiwan"
"2462.TW","良得電","Unknown","Taiwan"
"8008.TW","建興電","Unknown","Taiwan"
"3593.TW","力銘科技","Unknown","Taiwan"
"2514.TW","龍邦國際","Unknown","Taiwan"
"3025.TW","星通","Unknown","Taiwan"
"3533.TW","嘉澤","Unknown","Taiwan"
"1447.TW","力鵬","Unknown","Taiwan"
"2369.TW","菱生","Unknown","Taiwan"
"5305.TW","敦南","Unknown","Taiwan"
"2301.TW","光寶科","Unknown","Taiwan"
"1108.TW","幸福水泥","Unknown","Taiwan"
"6192.TW","巨路","Unknown","Taiwan"
"2424.TW","隴華","Unknown","Taiwan"
"1529.TW","樂士","Unknown","Taiwan"
"2358.TW","美格","Unknown","Taiwan"
"2506.TW","太設","Unknown","Taiwan"
"3043.TW","科風","Unknown","Taiwan"
"0054.TW","台商50","Unknown","Taiwan"
"2912.TW","統一超商","Unknown","Taiwan"
"1216.TW","統一企業","Unknown","Taiwan"
"4938.TW","和碩","Unknown","Taiwan"
"2511.TW","太子","Unknown","Taiwan"
"2457.TW","飛宏","Unknown","Taiwan"
"5706.TW","鳳凰旅遊","Unknown","Taiwan"
"4108.TW","懷特","Unknown","Taiwan"
"1729.TW","必翔","Unknown","Taiwan"
"6141.TW","柏承科技","Unknown","Taiwan"
"006203.TW","寶來摩臺基金","Unknown","Taiwan"
"2904.TW","匯僑","Unknown","Taiwan"
"8114.TW","振樺電子","Unknown","Taiwan"
"9904.TW","寶成工業","Unknown","Taiwan"
"3296.TW","勝德","Unknown","Taiwan"
"6145.TW","勁永","Unknown","Taiwan"
"3016.TW","嘉晶","Unknown","Taiwan"
"4915.TW","致伸","Unknown","Taiwan"
"6152.TW","百一","Unknown","Taiwan"
"6189.TW","豐藝","Unknown","Taiwan"
"3057.TW","喬鼎","Unknown","Taiwan"
"2855.TW","統一證券","Unknown","Taiwan"
"3518.TW","柏騰","Unknown","Taiwan"
"0056.TW","高股息","Unknown","Taiwan"
"0053.TW","寶電子","Unknown","Taiwan"
"0055.TW","寶金融","Unknown","Taiwan"
"6239.TW","力成","Unknown","Taiwan"
"0060.TW","新台灣","Unknown","Taiwan"
"6224.TW","聚鼎科技","Unknown","Taiwan"
"0061.TW","寶滬深","Unknown","Taiwan"
"1734.TW","杏輝藥品","Unknown","Taiwan"
"3049.TW","和鑫","Unknown","Taiwan"
"9940.TW","信義","Unknown","Taiwan"
"2363.TW","矽統","Unknown","Taiwan"
"8016.TW","矽創","Unknown","Taiwan"
"2484.TW","希華","Unknown","Taiwan"
"2850.TW","新光產險","Unknown","Taiwan"
"2888.TW","新光金","Unknown","Taiwan"
"9925.TW","新保","Unknown","Taiwan"
"1471.TW","首利","Unknown","Taiwan"
"2616.TW","山隆","Unknown","Taiwan"
"910482.TW","聖馬丁","Unknown","Taiwan"
"2605.TW","新興","Unknown","Taiwan"
"6283.TW","淳安電子","Unknown","Taiwan"
"9157.TW","陽光能","Unknown","Taiwan"
"2359.TW","所羅門","Unknown","Taiwan"
"5471.TW","松翰","Unknown","Taiwan"
"2440.TW","太空梭","Unknown","Taiwan"
"2496.TW","卓越成功","Unknown","Taiwan"
"3015.TW","全漢","Unknown","Taiwan"
"3055.TW","蔚華科","Unknown","Taiwan"
"1789.TW","台灣神隆","Unknown","Taiwan"
"1409.TW","新光合纖","Unknown","Taiwan"
"2062.TW","橋椿金屬","Unknown","Taiwan"
"4930.TW","燦星網","Unknown","Taiwan"
"2480.TW","敦陽科","Unknown","Taiwan"
"3536.TW","誠創科技","Unknown","Taiwan"
"1475.TW","本盟光電","Unknown","Taiwan"
"1316.TW","上曜","Unknown","Taiwan"
"1721.TW","三晃","Unknown","Taiwan"
"2421.TW","建準","Unknown","Taiwan"
"2401.TW","凌陽","Unknown","Taiwan"
"6702.TW","復興航空","Unknown","Taiwan"
"9907.TW","統一實業","Unknown","Taiwan"
"1418.TW","東華合纖","Unknown","Taiwan"
"2910.TW","統領百貨","Unknown","Taiwan"
"5434.TW","崇越","Unknown","Taiwan"
"8021.TW","尖點","Unknown","Taiwan"
"4526.TW","東台","Unknown","Taiwan"
"4725.TW","信昌化工","Unknown","Taiwan"
"3673.TW","F-TPK","Unknown","Taiwan"
"1902.TW","台灣紙業","Unknown","Taiwan"
"8213.TW","志超","Unknown","Taiwan"
"6183.TW","關貿網路","Unknown","Taiwan"
"2451.TW","創見","Unknown","Taiwan"
"3030.TW","德律","Unknown","Taiwan"
"1472.TW","三洋紡織","Unknown","Taiwan"
"3044.TW","健鼎","Unknown","Taiwan"
"2887.TW","台新金","Unknown","Taiwan"
"2611.TW","志信","Unknown","Taiwan"
"2330.TW","台積電","Unknown","Taiwan"
"6278.TW","台表科","Unknown","Taiwan"
"2103.TW","台橡","Unknown","Taiwan"
"8033.TW","雷虎","Unknown","Taiwan"
"1309.TW","台達化","Unknown","Taiwan"
"2913.TW","臺灣農林","Unknown","Taiwan"
"8011.TW","台通光電","Unknown","Taiwan"
"1232.TW","大統益","Unknown","Taiwan"
"1454.TW","臺灣富綢","Unknown","Taiwan"
"0050.TW","台灣50","Unknown","Taiwan"
"1110.TW","東南水泥","Unknown","Taiwan"
"1414.TW","東和紡織","Unknown","Taiwan"
"2006.TW","東和鋼鐵","Unknown","Taiwan"
"3018.TW","同開","Unknown","Taiwan"
"2327.TW","國巨","Unknown","Taiwan"
"6201.TW","亞弘電","Unknown","Taiwan"
"911609.TW","揚子江","Unknown","Taiwan"
"2034.TW","允強","Unknown","Taiwan"
"1726.TW","永記造漆","Unknown","Taiwan"
"4306.TW","炎洲","Unknown","Taiwan"
"3622.TW","洋華","Unknown","Taiwan"
"1907.TW","永豐餘","Unknown","Taiwan"
"1589.TW","F-永冠","Unknown","Taiwan"
"2007.TW","燁興","Unknown","Taiwan"
"1457.TW","宜進","Unknown","Taiwan"
"1725.TW","元禎","Unknown","Taiwan"
"2609.TW","陽明","Unknown","Taiwan"
"2227.TW","裕日車","Unknown","Taiwan"
"6131.TW","悠克","Unknown","Taiwan"
"1323.TW","永裕","Unknown","Taiwan"
"9188.TW","精熙","Unknown","Taiwan"
"3504.TW","揚明光","Unknown","Taiwan"
"2023.TW","燁輝","Unknown","Taiwan"
"006206.TW","元上證","Unknown","Taiwan"
"1438.TW","裕豐","Unknown","Taiwan"
"2885.TW","元大金","Unknown","Taiwan"
"2201.TW","裕隆汽車","Unknown","Taiwan"
"1507.TW","永大機電","Unknown","Taiwan"
"4958.TW","F-臻鼎","Unknown","Taiwan"
"3028.TW","增你強","Unknown","Taiwan"
"3029.TW","零壹","Unknown","Taiwan"
"1455.TW","集盛","Unknown","Taiwan"
"2485.TW","兆赫","Unknown","Taiwan"
"2420.TW","新巨","Unknown","Taiwan"
"910948.TW","Z-OBEE","Unknown","Taiwan"
"3056.TW","總太地產","Unknown","Taiwan"
"1256.TWO","F-鮮活","Unknown","Taiwan"
"1258.TWO","F-其祥","Unknown","Taiwan"
"1259.TWO","安心","Unknown","Taiwan"
"1333.TWO","恩得利","Unknown","Taiwan"
"1336.TWO","台翰","Unknown","Taiwan"
"1558.TWO","伸興","Unknown","Taiwan"
"1565.TWO","精華光","Unknown","Taiwan"
"1566.TWO","捷邦","Unknown","Taiwan"
"1569.TWO","濱川","Unknown","Taiwan"
"1570.TWO","力肯","Unknown","Taiwan"
"1580.TWO","新麥","Unknown","Taiwan"
"1584.TWO","精剛","Unknown","Taiwan"
"1586.TWO","和勤","Unknown","Taiwan"
"1591.TWO","駿吉","Unknown","Taiwan"
"1593.TWO","祺驊","Unknown","Taiwan"
"1595.TWO","川寶","Unknown","Taiwan"
"1597.TWO","直得","Unknown","Taiwan"
"1599.TWO","宏佳騰","Unknown","Taiwan"
"1742.TWO","台蠟","Unknown","Taiwan"
"1752.TWO","南光","Unknown","Taiwan"
"1777.TWO","生泰","Unknown","Taiwan"
"1781.TWO","合世","Unknown","Taiwan"
"1784.TWO","訊聯","Unknown","Taiwan"
"1785.TWO","光洋料","Unknown","Taiwan"
"1787.TWO","福盈科","Unknown","Taiwan"
"1788.TWO","杏昌","Unknown","Taiwan"
"1795.TWO","美時","Unknown","Taiwan"
"1799.TWO","紅電醫","Unknown","Taiwan"
"1813.TWO","寶利徠","Unknown","Taiwan"
"1815.TWO","富喬","Unknown","Taiwan"
"2035.TWO","唐榮","Unknown","Taiwan"
"2061.TWO","風青","Unknown","Taiwan"
"2063.TWO","世鎧","Unknown","Taiwan"
"2221.TWO","大甲","Unknown","Taiwan"
"2230.TWO","泰茂","Unknown","Taiwan"
"2233.TWO","宇隆","Unknown","Taiwan"
"2596.TWO","綠意","Unknown","Taiwan"
"2636.TWO","台驊","Unknown","Taiwan"
"2640.TWO","大車隊","Unknown","Taiwan"
"2718.TWO","桃園店","Unknown","Taiwan"
"2719.TWO","燦星旅","Unknown","Taiwan"
"2724.TWO","F-富驛","Unknown","Taiwan"
"2729.TWO","瓦城","Unknown","Taiwan"
"2916.TWO","滿心","Unknown","Taiwan"
"2924.TWO","F-東凌","Unknown","Taiwan"
"2926.TWO","誠品生","Unknown","Taiwan"
"3064.TWO","泰偉","Unknown","Taiwan"
"3066.TWO","李洲","Unknown","Taiwan"
"3067.TWO","全域","Unknown","Taiwan"
"3068.TWO","美磊","Unknown","Taiwan"
"3071.TWO","協禧","Unknown","Taiwan"
"3073.TWO","普格","Unknown","Taiwan"
"3078.TWO","僑威","Unknown","Taiwan"
"3083.TWO","網龍","Unknown","Taiwan"
"3085.TWO","久大","Unknown","Taiwan"
"3086.TWO","華義","Unknown","Taiwan"
"3088.TWO","艾訊","Unknown","Taiwan"
"3089.TWO","展成","Unknown","Taiwan"
"3092.TWO","鴻碩","Unknown","Taiwan"
"3093.TWO","港建","Unknown","Taiwan"
"3095.TWO","及成","Unknown","Taiwan"
"3105.TWO","穩懋","Unknown","Taiwan"
"3114.TWO","好德","Unknown","Taiwan"
"3115.TWO","寶島極","Unknown","Taiwan"
"3118.TWO","進階","Unknown","Taiwan"
"3126.TWO","信億","Unknown","Taiwan"
"3128.TWO","昇銳","Unknown","Taiwan"
"3131.TWO","弘塑","Unknown","Taiwan"
"3144.TWO","新揚","Unknown","Taiwan"
"3152.TWO","璟德","Unknown","Taiwan"
"3162.TWO","精確","Unknown","Taiwan"
"3163.TWO","波若威","Unknown","Taiwan"
"3169.TWO","亞信","Unknown","Taiwan"
"3171.TWO","新洲","Unknown","Taiwan"
"3176.TWO","基亞","Unknown","Taiwan"
"3188.TWO","安茂","Unknown","Taiwan"
"3191.TWO","和進","Unknown","Taiwan"
"3202.TWO","樺晟","Unknown","Taiwan"
"3205.TWO","佰研","Unknown","Taiwan"
"3206.TWO","志豐","Unknown","Taiwan"
"3207.TWO","耀勝","Unknown","Taiwan"
"3211.TWO","順達","Unknown","Taiwan"
"3213.TWO","茂訊","Unknown","Taiwan"
"3217.TWO","優群","Unknown","Taiwan"
"3218.TWO","大學光","Unknown","Taiwan"
"3219.TWO","倚強","Unknown","Taiwan"
"3221.TWO","嘉碩","Unknown","Taiwan"
"3224.TWO","三顧","Unknown","Taiwan"
"3226.TWO","至寶","Unknown","Taiwan"
"3227.TWO","原相","Unknown","Taiwan"
"3228.TWO","金麗","Unknown","Taiwan"
"3230.TWO","錦明","Unknown","Taiwan"
"3232.TWO","昱捷","Unknown","Taiwan"
"3234.TWO","光環","Unknown","Taiwan"
"3236.TWO","千如","Unknown","Taiwan"
"3252.TWO","海灣","Unknown","Taiwan"
"3259.TWO","鑫創","Unknown","Taiwan"
"3260.TWO","威剛","Unknown","Taiwan"
"3264.TWO","欣銓","Unknown","Taiwan"
"3265.TWO","台星科","Unknown","Taiwan"
"3266.TWO","昇陽","Unknown","Taiwan"
"3268.TWO","海德威","Unknown","Taiwan"
"3276.TWO","宇環","Unknown","Taiwan"
"3284.TWO","太普高","Unknown","Taiwan"
"3285.TWO","微端","Unknown","Taiwan"
"3287.TWO","廣寰","Unknown","Taiwan"
"3288.TWO","點晶","Unknown","Taiwan"
"3289.TWO","宜特","Unknown","Taiwan"
"3290.TWO","東浦","Unknown","Taiwan"
"3291.TWO","遠翔","Unknown","Taiwan"
"3293.TWO","鈊象","Unknown","Taiwan"
"3294.TWO","英濟","Unknown","Taiwan"
"3297.TWO","杭特","Unknown","Taiwan"
"3299.TWO","帛漢","Unknown","Taiwan"
"3303.TWO","岱稜","Unknown","Taiwan"
"3306.TWO","鼎天","Unknown","Taiwan"
"3310.TWO","佳穎","Unknown","Taiwan"
"3313.TWO","斐成","Unknown","Taiwan"
"3317.TWO","尼克森","Unknown","Taiwan"
"3322.TWO","建舜電","Unknown","Taiwan"
"3323.TWO","加百裕","Unknown","Taiwan"
"3324.TWO","雙鴻","Unknown","Taiwan"
"3325.TWO","旭品","Unknown","Taiwan"
"3332.TWO","幸康","Unknown","Taiwan"
"3339.TWO","泰谷","Unknown","Taiwan"
"3354.TWO","律勝","Unknown","Taiwan"
"3360.TWO","尚立","Unknown","Taiwan"
"3362.TWO","先進","Unknown","Taiwan"
"3363.TWO","上詮","Unknown","Taiwan"
"3372.TWO","典範","Unknown","Taiwan"
"3373.TWO","熱映","Unknown","Taiwan"
"3379.TWO","彬台","Unknown","Taiwan"
"3388.TWO","崇越電","Unknown","Taiwan"
"3390.TWO","旭軟","Unknown","Taiwan"
"3402.TWO","漢科","Unknown","Taiwan"
"3416.TWO","融程電","Unknown","Taiwan"
"3428.TWO","光燿","Unknown","Taiwan"
"3431.TWO","長天","Unknown","Taiwan"
"3434.TWO","哲固","Unknown","Taiwan"
"3438.TWO","類比","Unknown","Taiwan"
"3441.TWO","聯一光","Unknown","Taiwan"
"3444.TWO","利機","Unknown","Taiwan"
"3452.TWO","益通","Unknown","Taiwan"
"3455.TWO","由田","Unknown","Taiwan"
"3465.TWO","祥業","Unknown","Taiwan"
"3466.TWO","致振","Unknown","Taiwan"
"3479.TWO","安勤","Unknown","Taiwan"
"3483.TWO","力致","Unknown","Taiwan"
"3484.TWO","崧騰","Unknown","Taiwan"
"3489.TWO","森寶","Unknown","Taiwan"
"3490.TWO","單井","Unknown","Taiwan"
"3491.TWO","昇達","Unknown","Taiwan"
"3498.TWO","陽程","Unknown","Taiwan"
"3499.TWO","環天科","Unknown","Taiwan"
"3508.TWO","位速","Unknown","Taiwan"
"3511.TWO","矽瑪","Unknown","Taiwan"
"3512.TWO","能緹","Unknown","Taiwan"
"3516.TWO","亞帝歐","Unknown","Taiwan"
"3520.TWO","振維","Unknown","Taiwan"
"3521.TWO","鴻翊","Unknown","Taiwan"
"3522.TWO","宏森","Unknown","Taiwan"
"3523.TWO","迎輝","Unknown","Taiwan"
"3526.TWO","凡甲","Unknown","Taiwan"
"3527.TWO","聚積","Unknown","Taiwan"
"3528.TWO","安馳","Unknown","Taiwan"
"3529.TWO","力旺","Unknown","Taiwan"
"3531.TWO","先益","Unknown","Taiwan"
"3537.TWO","堡達","Unknown","Taiwan"
"3540.TWO","曜越","Unknown","Taiwan"
"3541.TWO","西柏","Unknown","Taiwan"
"3546.TWO","宇峻","Unknown","Taiwan"
"3548.TWO","兆利","Unknown","Taiwan"
"3551.TWO","世禾","Unknown","Taiwan"
"3552.TWO","同致","Unknown","Taiwan"
"3553.TWO","力積","Unknown","Taiwan"
"3555.TWO","擎泰","Unknown","Taiwan"
"3556.TWO","禾瑞亞","Unknown","Taiwan"
"3562.TWO","頂晶","Unknown","Taiwan"
"3563.TWO","牧德","Unknown","Taiwan"
"3567.TWO","逸昌","Unknown","Taiwan"
"3570.TWO","大塚","Unknown","Taiwan"
"3577.TWO","泓格","Unknown","Taiwan"
"3580.TWO","友威","Unknown","Taiwan"
"3582.TWO","凌耀","Unknown","Taiwan"
"3587.TWO","閎康","Unknown","Taiwan"
"3594.TWO","磐儀","Unknown","Taiwan"
"3609.TWO","東林","Unknown","Taiwan"
"3611.TWO","鼎翰","Unknown","Taiwan"
"3615.TWO","安可","Unknown","Taiwan"
"3623.TWO","富晶通","Unknown","Taiwan"
"3624.TWO","光頡","Unknown","Taiwan"
"3625.TWO","西勝","Unknown","Taiwan"
"3628.TWO","盈正","Unknown","Taiwan"
"3629.TWO","卓韋","Unknown","Taiwan"
"3630.TWO","新鉅","Unknown","Taiwan"
"3631.TWO","晟楠","Unknown","Taiwan"
"3632.TWO","研勤","Unknown","Taiwan"
"3642.TWO","駿熠","Unknown","Taiwan"
"3646.TWO","艾恩特","Unknown","Taiwan"
"3652.TWO","精聯","Unknown","Taiwan"
"3658.TWO","漢微科","Unknown","Taiwan"
"3662.TWO","樂陞","Unknown","Taiwan"
"3663.TWO","鑫科","Unknown","Taiwan"
"3664.TWO","安瑞","Unknown","Taiwan"
"3675.TWO","德微","Unknown","Taiwan"
"3680.TWO","家登","Unknown","Taiwan"
"3685.TWO","政翔","Unknown","Taiwan"
"3687.TWO","歐買尬","Unknown","Taiwan"
"3689.TWO","湧德","Unknown","Taiwan"
"3691.TWO","碩禾","Unknown","Taiwan"
"4102.TWO","永日","Unknown","Taiwan"
"4103.TWO","百略","Unknown","Taiwan"
"4105.TWO","東洋","Unknown","Taiwan"
"4107.TWO","邦特","Unknown","Taiwan"
"4109.TWO","加捷","Unknown","Taiwan"
"4111.TWO","濟生","Unknown","Taiwan"
"4113.TWO","聯上","Unknown","Taiwan"
"4114.TWO","健喬","Unknown","Taiwan"
"4120.TWO","友華","Unknown","Taiwan"
"4121.TWO","優盛","Unknown","Taiwan"
"4123.TWO","晟德","Unknown","Taiwan"
"4126.TWO","太醫","Unknown","Taiwan"
"4127.TWO","天良","Unknown","Taiwan"
"4128.TWO","中天","Unknown","Taiwan"
"4129.TWO","聯合","Unknown","Taiwan"
"4130.TWO","健亞","Unknown","Taiwan"
"4131.TWO","晶宇","Unknown","Taiwan"
"4138.TWO","曜亞","Unknown","Taiwan"
"4139.TWO","F-馬光","Unknown","Taiwan"
"4152.TWO","台微體","Unknown","Taiwan"
"4153.TWO","鈺緯","Unknown","Taiwan"
"4154.TWO","F-康樂","Unknown","Taiwan"
"4160.TWO","創源","Unknown","Taiwan"
"4161.TWO","聿新","Unknown","Taiwan"
"4162.TWO","智擎","Unknown","Taiwan"
"4163.TWO","鐿鈦","Unknown","Taiwan"
"4168.TWO","醣聯","Unknown","Taiwan"
"4205.TWO","恆毅","Unknown","Taiwan"
"4207.TWO","環泰","Unknown","Taiwan"
"4303.TWO","信立化","Unknown","Taiwan"
"4304.TWO","勝昱","Unknown","Taiwan"
"4305.TWO","世坤","Unknown","Taiwan"
"4401.TWO","東隆","Unknown","Taiwan"
"4402.TWO","福大","Unknown","Taiwan"
"4406.TWO","新昕","Unknown","Taiwan"
"4413.TWO","飛寶","Unknown","Taiwan"
"4415.TWO","美嘉電","Unknown","Taiwan"
"4416.TWO","三圓","Unknown","Taiwan"
"4417.TWO","金洲","Unknown","Taiwan"
"4419.TWO","松懋","Unknown","Taiwan"
"4420.TWO","光明","Unknown","Taiwan"
"4429.TWO","聚紡","Unknown","Taiwan"
"4430.TWO","耀億","Unknown","Taiwan"
"4432.TWO","銘旺","Unknown","Taiwan"
"4502.TWO","源恆","Unknown","Taiwan"
"4503.TWO","金雨","Unknown","Taiwan"
"4506.TWO","崇友","Unknown","Taiwan"
"4510.TWO","高鋒","Unknown","Taiwan"
"4513.TWO","福裕","Unknown","Taiwan"
"4523.TWO","永彰","Unknown","Taiwan"
"4527.TWO","方土霖","Unknown","Taiwan"
"4528.TWO","江興","Unknown","Taiwan"
"4529.TWO","雷風","Unknown","Taiwan"
"4530.TWO","宏易","Unknown","Taiwan"
"4533.TWO","協易","Unknown","Taiwan"
"4534.TWO","慶騰","Unknown","Taiwan"
"4535.TWO","至興","Unknown","Taiwan"
"4609.TWO","唐鋒","Unknown","Taiwan"
"4702.TWO","中美實","Unknown","Taiwan"
"4703.TWO","揚華","Unknown","Taiwan"
"4706.TWO","大恭","Unknown","Taiwan"
"4707.TWO","磐亞","Unknown","Taiwan"
"4711.TWO","永純","Unknown","Taiwan"
"4712.TWO","南璋","Unknown","Taiwan"
"4714.TWO","永捷","Unknown","Taiwan"
"4716.TWO","大立","Unknown","Taiwan"
"4720.TWO","德淵","Unknown","Taiwan"
"4721.TWO","美琪瑪","Unknown","Taiwan"
"4728.TWO","雙美","Unknown","Taiwan"
"4729.TWO","熒茂","Unknown","Taiwan"
"4735.TWO","豪展","Unknown","Taiwan"
"4736.TWO","泰博","Unknown","Taiwan"
"4739.TWO","康普","Unknown","Taiwan"
"4743.TWO","合一","Unknown","Taiwan"
"4745.TWO","F-合富","Unknown","Taiwan"
"4903.TWO","聯光通","Unknown","Taiwan"
"4905.TWO","台聯電","Unknown","Taiwan"
"4907.TWO","春雨","Unknown","Taiwan"
"4908.TWO","前鼎","Unknown","Taiwan"
"4909.TWO","新復興","Unknown","Taiwan"
"4911.TWO","德英","Unknown","Taiwan"
"4912.TWO","F-聯德","Unknown","Taiwan"
"4924.TWO","欣厚","Unknown","Taiwan"
"4927.TWO","泰鼎","Unknown","Taiwan"
"4933.TWO","友輝","Unknown","Taiwan"
"4939.TWO","亞電","Unknown","Taiwan"
"4944.TWO","兆遠","Unknown","Taiwan"
"4946.TWO","辣椒","Unknown","Taiwan"
"4947.TWO","昂寶","Unknown","Taiwan"
"4950.TWO","牧東","Unknown","Taiwan"
"4965.TWO","商店街","Unknown","Taiwan"
"4966.TWO","譜瑞","Unknown","Taiwan"
"4972.TWO","湯石","Unknown","Taiwan"
"4973.TWO","廣穎","Unknown","Taiwan"
"4974.TWO","亞泰","Unknown","Taiwan"
"4979.TWO","華星光","Unknown","Taiwan"
"4987.TWO","科誠","Unknown","Taiwan"
"4994.TWO","傳奇","Unknown","Taiwan"
"4995.TWO","晶達","Unknown","Taiwan"
"5009.TWO","榮剛","Unknown","Taiwan"
"5011.TWO","久陽","Unknown","Taiwan"
"5013.TWO","強新","Unknown","Taiwan"
"5014.TWO","建錩","Unknown","Taiwan"
"5015.TWO","華祺","Unknown","Taiwan"
"5016.TWO","松和","Unknown","Taiwan"
"5102.TWO","富強","Unknown","Taiwan"
"5201.TWO","凱衛","Unknown","Taiwan"
"5202.TWO","力新","Unknown","Taiwan"
"5205.TWO","漢康","Unknown","Taiwan"
"5206.TWO","坤悅","Unknown","Taiwan"
"5209.TWO","新鼎","Unknown","Taiwan"
"5210.TWO","寶碩","Unknown","Taiwan"
"5211.TWO","蒙恬","Unknown","Taiwan"
"5212.TWO","凌網","Unknown","Taiwan"
"5213.TWO","亞昕","Unknown","Taiwan"
"5230.TWO","雷笛克","Unknown","Taiwan"
"5251.TWO","天鉞","Unknown","Taiwan"
"5263.TWO","智崴","Unknown","Taiwan"
"5272.TWO","笙科","Unknown","Taiwan"
"5274.TWO","信驊","Unknown","Taiwan"
"5278.TWO","尚凡","Unknown","Taiwan"
"5301.TWO","寶得利","Unknown","Taiwan"
"5302.TWO","太欣","Unknown","Taiwan"
"5304.TWO","鼎創達","Unknown","Taiwan"
"5306.TWO","桂盟","Unknown","Taiwan"
"5309.TWO","系統","Unknown","Taiwan"
"5310.TWO","天剛","Unknown","Taiwan"
"5312.TWO","寶島光","Unknown","Taiwan"
"5314.TWO","世紀","Unknown","Taiwan"
"5315.TWO","光聯","Unknown","Taiwan"
"5317.TWO","凱美","Unknown","Taiwan"
"5321.TWO","友銓","Unknown","Taiwan"
"5324.TWO","士林","Unknown","Taiwan"
"5326.TWO","漢磊","Unknown","Taiwan"
"5328.TWO","華容","Unknown","Taiwan"
"5340.TWO","建榮","Unknown","Taiwan"
"5344.TWO","立衛","Unknown","Taiwan"
"5345.TWO","天揚","Unknown","Taiwan"
"5347.TWO","世界先進","Unknown","Taiwan"
"5348.TWO","系通","Unknown","Taiwan"
"5349.TWO","先豐","Unknown","Taiwan"
"5351.TWO","鈺創","Unknown","Taiwan"
"5353.TWO","台林","Unknown","Taiwan"
"5355.TWO","佳總","Unknown","Taiwan"
"5356.TWO","協益","Unknown","Taiwan"
"5364.TWO","易福","Unknown","Taiwan"
"5371.TWO","中強","Unknown","Taiwan"
"5381.TWO","合正","Unknown","Taiwan"
"5383.TWO","金利","Unknown","Taiwan"
"5384.TWO","捷元","Unknown","Taiwan"
"5386.TWO","青雲","Unknown","Taiwan"
"5392.TWO","應華","Unknown","Taiwan"
"5395.TWO","圓方","Unknown","Taiwan"
"5398.TWO","力瑋","Unknown","Taiwan"
"5403.TWO","中菲","Unknown","Taiwan"
"5410.TWO","國眾","Unknown","Taiwan"
"5425.TWO","台半","Unknown","Taiwan"
"5426.TWO","振發","Unknown","Taiwan"
"5432.TWO","達威","Unknown","Taiwan"
"5438.TWO","東友","Unknown","Taiwan"
"5439.TWO","高技","Unknown","Taiwan"
"5443.TWO","均豪","Unknown","Taiwan"
"5450.TWO","寶聯通","Unknown","Taiwan"
"5452.TWO","佶優","Unknown","Taiwan"
"5455.TWO","訊利電","Unknown","Taiwan"
"5457.TWO","宣德","Unknown","Taiwan"
"5460.TWO","同協","Unknown","Taiwan"
"5464.TWO","霖宏","Unknown","Taiwan"
"5465.TWO","富驊","Unknown","Taiwan"
"5466.TWO","泰林","Unknown","Taiwan"
"5467.TWO","聯福生","Unknown","Taiwan"
"5468.TWO","凱鈺","Unknown","Taiwan"
"5474.TWO","聰泰","Unknown","Taiwan"
"5475.TWO","德宏","Unknown","Taiwan"
"5478.TWO","智冠","Unknown","Taiwan"
"5480.TWO","統盟","Unknown","Taiwan"
"5481.TWO","華韡","Unknown","Taiwan"
"5483.TWO","中美晶","Unknown","Taiwan"
"5487.TWO","通泰","Unknown","Taiwan"
"5488.TWO","松普","Unknown","Taiwan"
"5489.TWO","彩富","Unknown","Taiwan"
"5490.TWO","同亨","Unknown","Taiwan"
"5491.TWO","連展","Unknown","Taiwan"
"5493.TWO","三聯","Unknown","Taiwan"
"5498.TWO","凱崴","Unknown","Taiwan"
"5505.TWO","和旺","Unknown","Taiwan"
"5506.TWO","長鴻","Unknown","Taiwan"
"5508.TWO","永信","Unknown","Taiwan"
"5511.TWO","德昌","Unknown","Taiwan"
"5512.TWO","力麒","Unknown","Taiwan"
"5514.TWO","三豐","Unknown","Taiwan"
"5516.TWO","雙喜","Unknown","Taiwan"
"5519.TWO","隆大","Unknown","Taiwan"
"5520.TWO","力泰","Unknown","Taiwan"
"5523.TWO","宏都","Unknown","Taiwan"
"5529.TWO","志嘉","Unknown","Taiwan"
"5530.TWO","龍巖","Unknown","Taiwan"
"5536.TWO","聖暉","Unknown","Taiwan"
"5601.TWO","臺聯","Unknown","Taiwan"
"5603.TWO","陸海","Unknown","Taiwan"
"5604.TWO","中連貨","Unknown","Taiwan"
"5609.TWO","中菲行","Unknown","Taiwan"
"5701.TWO","劍湖山","Unknown","Taiwan"
"5703.TWO","亞都","Unknown","Taiwan"
"5704.TWO","老爺知","Unknown","Taiwan"
"5820.TWO","日盛金","Unknown","Taiwan"
"5902.TWO","德記","Unknown","Taiwan"
"5903.TWO","全家","Unknown","Taiwan"
"5904.TWO","寶雅","Unknown","Taiwan"
"5905.TWO","南仁湖","Unknown","Taiwan"
"6015.TWO","宏遠證","Unknown","Taiwan"
"6016.TWO","康和證","Unknown","Taiwan"
"6020.TWO","大展證","Unknown","Taiwan"
"6021.TWO","大慶證","Unknown","Taiwan"
"6022.TWO","大眾證","Unknown","Taiwan"
"6023.TWO","元大期","Unknown","Taiwan"
"6024.TWO","群益期","Unknown","Taiwan"
"6101.TWO","弘捷","Unknown","Taiwan"
"6103.TWO","合邦","Unknown","Taiwan"
"6104.TWO","創惟","Unknown","Taiwan"
"6105.TWO","瑞傳","Unknown","Taiwan"
"6107.TWO","華美","Unknown","Taiwan"
"6109.TWO","亞元","Unknown","Taiwan"
"6111.TWO","大宇","Unknown","Taiwan"
"6113.TWO","亞矽","Unknown","Taiwan"
"6114.TWO","翔昇","Unknown","Taiwan"
"6118.TWO","建達","Unknown","Taiwan"
"6121.TWO","新普","Unknown","Taiwan"
"6122.TWO","擎邦","Unknown","Taiwan"
"6123.TWO","上奇","Unknown","Taiwan"
"6124.TWO","業強","Unknown","Taiwan"
"6125.TWO","廣運","Unknown","Taiwan"
"6126.TWO","信音","Unknown","Taiwan"
"6127.TWO","九豪","Unknown","Taiwan"
"6129.TWO","普誠","Unknown","Taiwan"
"6130.TWO","基因","Unknown","Taiwan"
"6134.TWO","萬旭","Unknown","Taiwan"
"6135.TWO","佳營","Unknown","Taiwan"
"6138.TWO","茂達","Unknown","Taiwan"
"6140.TWO","訊達","Unknown","Taiwan"
"6143.TWO","振曜","Unknown","Taiwan"
"6144.TWO","得利影","Unknown","Taiwan"
"6146.TWO","耕興","Unknown","Taiwan"
"6147.TWO","頎邦","Unknown","Taiwan"
"6148.TWO","驊宏資","Unknown","Taiwan"
"6150.TWO","撼訊","Unknown","Taiwan"
"6151.TWO","晉倫","Unknown","Taiwan"
"6154.TWO","順發","Unknown","Taiwan"
"6156.TWO","松上","Unknown","Taiwan"
"6158.TWO","禾昌","Unknown","Taiwan"
"6160.TWO","欣技","Unknown","Taiwan"
"6161.TWO","捷波","Unknown","Taiwan"
"6163.TWO","華電網","Unknown","Taiwan"
"6167.TWO","久正","Unknown","Taiwan"
"6169.TWO","昱泉","Unknown","Taiwan"
"6170.TWO","統振","Unknown","Taiwan"
"6171.TWO","亞銳士","Unknown","Taiwan"
"6173.TWO","信昌電","Unknown","Taiwan"
"6174.TWO","安碁","Unknown","Taiwan"
"6175.TWO","立敦","Unknown","Taiwan"
"6177.TWO","達麗","Unknown","Taiwan"
"6179.TWO","世仰","Unknown","Taiwan"
"6180.TWO","橘子","Unknown","Taiwan"
"6182.TWO","合晶","Unknown","Taiwan"
"6185.TWO","幃翔","Unknown","Taiwan"
"6186.TWO","新潤","Unknown","Taiwan"
"6187.TWO","萬潤","Unknown","Taiwan"
"6188.TWO","廣明","Unknown","Taiwan"
"6190.TWO","萬泰","Unknown","Taiwan"
"6194.TWO","育富","Unknown","Taiwan"
"6195.TWO","詩肯","Unknown","Taiwan"
"6198.TWO","凌泰","Unknown","Taiwan"
"6199.TWO","精威","Unknown","Taiwan"
"6203.TWO","海韻","Unknown","Taiwan"
"6204.TWO","艾華","Unknown","Taiwan"
"6207.TWO","雷科","Unknown","Taiwan"
"6208.TWO","日揚","Unknown","Taiwan"
"6210.TWO","慶生","Unknown","Taiwan"
"6211.TWO","福登","Unknown","Taiwan"
"6212.TWO","理銘","Unknown","Taiwan"
"6217.TWO","中探針","Unknown","Taiwan"
"6218.TWO","豪勉","Unknown","Taiwan"
"6219.TWO","富旺","Unknown","Taiwan"
"6220.TWO","岳豐","Unknown","Taiwan"
"6221.TWO","晉泰","Unknown","Taiwan"
"6222.TWO","上揚","Unknown","Taiwan"
"6223.TWO","旺矽","Unknown","Taiwan"
"6227.TWO","茂綸","Unknown","Taiwan"
"6228.TWO","全譜","Unknown","Taiwan"
"6229.TWO","研通","Unknown","Taiwan"
"6231.TWO","系微","Unknown","Taiwan"
"6233.TWO","旺玖","Unknown","Taiwan"
"6234.TWO","高僑","Unknown","Taiwan"
"6236.TWO","凌越","Unknown","Taiwan"
"6237.TWO","驊訊","Unknown","Taiwan"
"6238.TWO","勝麗","Unknown","Taiwan"
"6240.TWO","松崗","Unknown","Taiwan"
"6241.TWO","易通展","Unknown","Taiwan"
"6242.TWO","亨豐","Unknown","Taiwan"
"6244.TWO","茂迪","Unknown","Taiwan"
"6245.TWO","立端","Unknown","Taiwan"
"6246.TWO","臺龍","Unknown","Taiwan"
"6247.TWO","淇譽","Unknown","Taiwan"
"6248.TWO","沛波","Unknown","Taiwan"
"6250.TWO","宇加","Unknown","Taiwan"
"6259.TWO","百徽","Unknown","Taiwan"
"6261.TWO","久元","Unknown","Taiwan"
"6263.TWO","普萊德","Unknown","Taiwan"
"6264.TWO","德士通","Unknown","Taiwan"
"6265.TWO","方土昶","Unknown","Taiwan"
"6266.TWO","泰詠","Unknown","Taiwan"
"6270.TWO","倍微","Unknown","Taiwan"
"6274.TWO","台燿","Unknown","Taiwan"
"6275.TWO","元山","Unknown","Taiwan"
"6276.TWO","安鈦克","Unknown","Taiwan"
"6279.TWO","胡連","Unknown","Taiwan"
"6284.TWO","佳邦","Unknown","Taiwan"
"6287.TWO","元隆","Unknown","Taiwan"
"6290.TWO","良維","Unknown","Taiwan"
"6291.TWO","沛亨","Unknown","Taiwan"
"6292.TWO","迅德","Unknown","Taiwan"
"6294.TWO","智基","Unknown","Taiwan"
"6298.TWO","崴強","Unknown","Taiwan"
"6506.TWO","雙邦","Unknown","Taiwan"
"6508.TWO","惠光","Unknown","Taiwan"
"6509.TWO","聚和","Unknown","Taiwan"
"6603.TWO","富強鑫","Unknown","Taiwan"
"6609.TWO","瀧澤","Unknown","Taiwan"
"6803.TWO","崑鼎","Unknown","Taiwan"
"8024.TWO","佑華","Unknown","Taiwan"
"8032.TWO","光菱","Unknown","Taiwan"
"8034.TWO","榮群","Unknown","Taiwan"
"8040.TWO","九暘","Unknown","Taiwan"
"8042.TWO","金山","Unknown","Taiwan"
"8043.TWO","蜜望實","Unknown","Taiwan"
"8044.TWO","網家","Unknown","Taiwan"
"8047.TWO","星雲","Unknown","Taiwan"
"8048.TWO","德勝","Unknown","Taiwan"
"8049.TWO","晶采","Unknown","Taiwan"
"8050.TWO","廣積","Unknown","Taiwan"
"8053.TWO","巨擘","Unknown","Taiwan"
"8054.TWO","安國","Unknown","Taiwan"
"8059.TWO","凱碩","Unknown","Taiwan"
"8064.TWO","東捷","Unknown","Taiwan"
"8066.TWO","來思達","Unknown","Taiwan"
"8067.TWO","志旭","Unknown","Taiwan"
"8068.TWO","全達","Unknown","Taiwan"
"8069.TWO","元太","Unknown","Taiwan"
"8071.TWO","能率","Unknown","Taiwan"
"8074.TWO","鉅橡","Unknown","Taiwan"
"8076.TWO","伍豐","Unknown","Taiwan"
"8077.TWO","冠華","Unknown","Taiwan"
"8079.TWO","誠遠","Unknown","Taiwan"
"8080.TWO","奧斯特","Unknown","Taiwan"
"8082.TWO","眾星","Unknown","Taiwan"
"8083.TWO","瑞穎","Unknown","Taiwan"
"8084.TWO","巨虹","Unknown","Taiwan"
"8085.TWO","福華","Unknown","Taiwan"
"8086.TWO","宏捷","Unknown","Taiwan"
"8087.TWO","華鎂鑫","Unknown","Taiwan"
"8088.TWO","品安","Unknown","Taiwan"
"8091.TWO","翔名","Unknown","Taiwan"
"8092.TWO","建暐","Unknown","Taiwan"
"8093.TWO","保銳","Unknown","Taiwan"
"8096.TWO","擎亞","Unknown","Taiwan"
"8097.TWO","常珵","Unknown","Taiwan"
"8099.TWO","大世科","Unknown","Taiwan"
"8107.TWO","大億","Unknown","Taiwan"
"8109.TWO","博大","Unknown","Taiwan"
"8111.TWO","立碁","Unknown","Taiwan"
"8121.TWO","越峰","Unknown","Taiwan"
"8147.TWO","正淩","Unknown","Taiwan"
"8155.TWO","博智","Unknown","Taiwan"
"8171.TWO","天宇","Unknown","Taiwan"
"8176.TWO","智捷","Unknown","Taiwan"
"8182.TWO","加高","Unknown","Taiwan"
"8183.TWO","精星","Unknown","Taiwan"
"8234.TWO","新漢","Unknown","Taiwan"
"8240.TWO","華宏","Unknown","Taiwan"
"8255.TWO","朋程","Unknown","Taiwan"
"8266.TWO","中日新","Unknown","Taiwan"
"8277.TWO","商丞","Unknown","Taiwan"
"8287.TWO","英格爾","Unknown","Taiwan"
"8289.TWO","泰藝","Unknown","Taiwan"
"8291.TWO","尚茂","Unknown","Taiwan"
"8299.TWO","群聯","Unknown","Taiwan"
"8349.TWO","友信","Unknown","Taiwan"
"8354.TWO","冠好","Unknown","Taiwan"
"8358.TWO","金居","Unknown","Taiwan"
"8383.TWO","千附","Unknown","Taiwan"
"8390.TWO","金益鼎","Unknown","Taiwan"
"8401.TWO","白紗","Unknown","Taiwan"
"8403.TWO","盛弘","Unknown","Taiwan"
"8406.TWO","F-金可","Unknown","Taiwan"
"8410.TWO","森田","Unknown","Taiwan"
"8416.TWO","實威","Unknown","Taiwan"
"8418.TWO","F-必勝","Unknown","Taiwan"
"8421.TWO","旭源","Unknown","Taiwan"
"8423.TWO","F-保綠","Unknown","Taiwan"
"8424.TWO","惠普","Unknown","Taiwan"
"8426.TWO","F-紅木","Unknown","Taiwan"
"8432.TWO","東生華","Unknown","Taiwan"
"8433.TWO","弘帆","Unknown","Taiwan"
"8435.TWO","鉅邁","Unknown","Taiwan"
"8905.TWO","裕國","Unknown","Taiwan"
"8906.TWO","花王","Unknown","Taiwan"
"8908.TWO","欣雄","Unknown","Taiwan"
"8913.TWO","華夏資","Unknown","Taiwan"
"8916.TWO","光隆","Unknown","Taiwan"
"8917.TWO","欣泰","Unknown","Taiwan"
"8921.TWO","沈氏","Unknown","Taiwan"
"8923.TWO","時報","Unknown","Taiwan"
"8924.TWO","大田","Unknown","Taiwan"
"8925.TWO","偉盟","Unknown","Taiwan"
"8927.TWO","北基","Unknown","Taiwan"
"8928.TWO","鉅明","Unknown","Taiwan"
"8929.TWO","富堡","Unknown","Taiwan"
"8930.TWO","青鋼","Unknown","Taiwan"
"8931.TWO","大汽電","Unknown","Taiwan"
"8932.TWO","宏大","Unknown","Taiwan"
"8933.TWO","愛地雅","Unknown","Taiwan"
"8934.TWO","衡平","Unknown","Taiwan"
"8935.TWO","邦泰","Unknown","Taiwan"
"8936.TWO","國統","Unknown","Taiwan"
"8937.TWO","合騏","Unknown","Taiwan"
"8938.TWO","明安","Unknown","Taiwan"
"8941.TWO","關中","Unknown","Taiwan"
"8942.TWO","森鉅","Unknown","Taiwan"
"8996.TWO","高力","Unknown","Taiwan"
"911613.TWO","特藝","Unknown","Taiwan"
"9946.TWO","三發","Unknown","Taiwan"
"9949.TWO","琉園","Unknown","Taiwan"
"9950.TWO","萬國","Unknown","Taiwan"
"9951.TWO","皇田","Unknown","Taiwan"
"9960.TWO","邁達康","Unknown","Taiwan"
"9962.TWO","有益","Unknown","Taiwan"
