"Code","Symbol","Industry","Board"
"5959.KL","A&M","Properties","Main"
"0012.KL","3A","IndustrialProducts","Main"
"7061.KL","ABRIC","IndustrialProducts","Second"
"7120.KL","ACOSTEC","ConsumerProducts","Main"
"7191.KL","ADVENTA","IndustrialProducts","Main"
"9148.KL","ADVPKG","IndustrialProducts","Second"
"7146.KL","AEM","IndustrialProducts","Second"
"6599.KL","AEON","TradingServices","Main"
"5139.KL","AEONCR","Finance","Main"
"5185.KL","AFFIN","Finance","Main"
"2488.KL","AFG","Finance","Main"
"0020.KL","AGLOBAL","Technology","Mesdaq"
"7315.KL","AHB","TradingServices","Second"
"7090.KL","AHEALTH","ConsumerProducts","Main"
"4952.KL","AHP","Trusts","Main"
"9547.KL","AIC","Technology","Main"
"7116.KL","AIKBEE","IndustrialProducts","Second"
"0122.KL","AIM","TradingServices","Mesdaq"
"5099.KL","AIRASIA","TradingServices","Main"
"8516.KL","AIRB","Infrastructure","Main"
"5014.KL","AIRPORT","TradingServices","Main"
"2682.KL","AISB","IndustrialProducts","Main"
"2658.KL","AJI","ConsumerProducts","Main"
"7609.KL","AJIYA","IndustrialProducts","Main"
"7068.KL","AKN","Technology","Main"
"5115.KL","ALAM","TradingServices","Main"
"5116.KL","ALAQAR","Trusts","Main"
"2674.KL","ALCOM","IndustrialProducts","Main"
"1163.KL","ALLIANZ","Finance","Main"
"1007.KL","AMPROP","Properties","Main"
"5120.KL","AMFIRST","Trusts","Main"
"1015.KL","AMBANK","Finance","Main"
"2313.KL","AMOLEK","Plantation","Main"
"7051.KL","AMTEK","ConsumerProducts","Second"
"7031.KL","AMTEL","TradingServices","Second"
"6351.KL","AMWAY","TradingServices","Main"
"7083.KL","ANALABS","TradingServices","Main"
"4758.KL","ANCOM","IndustrialProducts","Main"
"0048.KL","ANCOMLB","Technology","Mesdaq"
"6556.KL","ANNJOO","IndustrialProducts","Main"
"5568.KL","APB","IndustrialProducts","Main"
"5088.KL","APEX","Finance","Main"
"1716.KL","APLAND","Properties","Main"
"5015.KL","APM","IndustrialProducts","Main"
"6432.KL","APOLLO","ConsumerProducts","Main"
"7165.KL","PFCE","ConsumerProducts","Second"
"7214.KL","ARANK","IndustrialProducts","Second"
"7007.KL","ARK","Construction","Second"
"5127.KL","ARREIT","Trusts","Main"
"5975.KL","ASAS","Properties","Main"
"1481.KL","ASB","IndustrialProducts","Main"
"0068.KL","ASDION","Technology","Mesdaq"
"0150.KL","ASIABIO","Unknown","Unknown"
"0039.KL","ASIAEP","Technology","Mesdaq"
"7129.KL","ASIAFLE","ConsumerProducts","Main"
"4057.KL","ASIAPAC","Properties","Main"
"0105.KL","ASIAPLY","IndustrialProducts","Mesdaq"
"7162.KL","ASTINO","IndustrialProducts","Main"
"7070.KL","ASUPREM","IndustrialProducts","Second"
"0072.KL","AT","Technology","Mesdaq"
"5055.KL","ATIS","TradingServices","Main"
"7048.KL","ATLAN","IndustrialProducts","Second"
"5130.KL","ATRIUM","Trusts","Main"
"7181.KL","ATURMJU","IndustrialProducts","Second"
"7044.KL","AUTOAIR","IndustrialProducts","Second"
"7008.KL","AUTOV","IndustrialProducts","Second"
"7579.KL","AWC","TradingServices","Second"
"6888.KL","AXIATA","TradingServices","Main"
"7447.KL","AXIS","IndustrialProducts","Second"
"5106.KL","AXREIT","Trusts","Main"
"7078.KL","AZRB","Construction","Main"
"0098.KL","BAHVEST","Technology","Mesdaq"
"5039.KL","BANENG","ConsumerProducts","Main"
"7156.KL","BASWELL","ConsumerProducts","Second"
"4162.KL","BAT","ConsumerProducts","Main"
"6602.KL","BCB","Properties","Main"
"0130.KL","BCTTECH","Technology","Mesdaq"
"6173.KL","BDB","Properties","Main"
"6866.KL","BERNAS","TradingServices","Main"
"9814.KL","BERTAM","Properties","Second"
"7023.KL","BGYEAR","Construction","Second"
"8133.KL","BHIC","IndustrialProducts","Main"
"7241.KL","BHS","TradingServices","Second"
"7005.KL","BIG","IndustrialProducts","Second"
"5258.KL","BIMB","Finance","Main"
"6998.KL","BINTAI","TradingServices","Main"
"7243.KL","BIOOSMO","ConsumerProducts","Second"
"7193.KL","BIOSIS","ConsumerProducts","Second"
"5032.KL","BIPORT","TradingServices","Main"
"3239.KL","BJASSET","Properties","Main"
"3395.KL","BJCORP","TradingServices","Main"
"4219.KL","BJLAND","TradingServices","Main"
"6025.KL","BJMEDIA","TradingServices","Main"
"1562.KL","BJTOTO","TradingServices","Main"
"1899.KL","BKAWAN","Plantation","Main"
"7187.KL","BKOON","IndustrialProducts","Main"
"5069.KL","BLDPLNT","Plantation","Main"
"1538.KL","BOLTON","Properties","Main"
"9288.KL","BONIA","ConsumerProducts","Main"
"7036.KL","BORNOIL","TradingServices","Second"
"6297.KL","BOXPAK","IndustrialProducts","Main"
"5100.KL","BPPLAS","IndustrialProducts","Main"
"5932.KL","BPURI","Construction","Main"
"1473.KL","BRDB","Properties","Main"
"8761.KL","BREM","Construction","Main"
"9938.KL","BRIGHT","IndustrialProducts","Second"
"5124.KL","BSDREIT","Trusts","Main"
"7221.KL","BSLCORP","IndustrialProducts","Second"
"2771.KL","BSTEAD","Plantation","Main"
"0011.KL","BTECH","TradingServices","Mesdaq"
"7188.KL","BTM","IndustrialProducts","Second"
"1818.KL","BURSA","Finance","Main"
"7174.KL","CAB","ConsumerProducts","Main"
"7154.KL","CAELY","ConsumerProducts","Second"
"7128.KL","CAMRES","ConsumerProducts","Second"
"5105.KL","CANONE","IndustrialProducts","Main"
"0125.KL","CARLAW","IndustrialProducts","Mesdaq"
"2836.KL","CARLSBG","ConsumerProducts","Main"
"0076.KL","CAROTEC","IndustrialProducts","Mesdaq"
"7076.KL","CBIP","IndustrialProducts","Main"
"0041.KL","CBSA","Technology","Mesdaq"
"2925.KL","CCB","ConsumerProducts","Main"
"7035.KL","CCK","ConsumerProducts","Second"
"2879.KL","CCM","IndustrialProducts","Main"
"7148.KL","CCMDBIO","ConsumerProducts","Main"
"7171.KL","CENBOND","IndustrialProducts","Main"
"7117.KL","CENTURY","TradingServices","Second"
"8982.KL","CEPAT","Plantation","Main"
"8435.KL","CEPCO","IndustrialProducts","Second"
"8044.KL","CFM","IndustrialProducts","Second"
"7027.KL","PETONE","IndustrialProducts","Second"
"7209.KL","CHEETAH","TradingServices","Main"
"9423.KL","CHEEWAH","ConsumerProducts","Second"
"5738.KL","CHHB","Properties","Main"
"1929.KL","CHINTEK","Plantation","Main"
"5007.KL","CHINWEL","IndustrialProducts","Main"
"5797.KL","CHOOBEE","IndustrialProducts","Main"
"7016.KL","CHUAN","IndustrialProducts","Second"
"8052.KL","CICB","IndustrialProducts","Second"
"2828.KL","CIHLDG","ConsumerProducts","Main"
"1023.KL","CIMB","Finance","Main"
"7018.KL","CME","TradingServices","Second"
"2852.KL","CMSB","IndustrialProducts","Main"
"7986.KL","CNASIA","IndustrialProducts","Second"
"5104.KL","CNI","TradingServices","Main"
"5071.KL","COASTAL","IndustrialProducts","Main"
"7205.KL","COCOLND","ConsumerProducts","Main"
"7195.KL","COMCORP","Technology","Second"
"5136.KL","COMPLET","TradingServices","Main"
"5037.KL","COMPUGT","TradingServices","Main"
"0102.KL","CONNECT","Technology","Mesdaq"
"8591.KL","CRESBLD","Construction","Main"
"6718.KL","CRESNDO","Properties","Main"
"7202.KL","CSCENIC","ConsumerProducts","Main"
"5094.KL","CSCSTEL","IndustrialProducts","Main"
"0051.KL","CUSCAPI","TradingServices","Mesdaq"
"5049.KL","CVIEW","Properties","Main"
"0079.KL","CWORKS","Technology","Mesdaq"
"0022.KL","CYBERT","Technology","Mesdaq"
"7157.KL","CYL","IndustrialProducts","Second"
"5082.KL","CYMAO","IndustrialProducts","Main"
"7204.KL","D&O","Technology","Main"
"8125.KL","DAIBOCI","IndustrialProducts","Main"
"5355.KL","DAIMAN","Properties","Main"
"8338.KL","DATAPRP","Technology","Second"
"0091.KL","DAYA","IndustrialProducts","Mesdaq"
"5141.KL","DAYANG","TradingServices","Main"
"7179.KL","DBE","ConsumerProducts","Second"
"3484.KL","DBHD","Properties","Main"
"7119.KL","DEGEM","ConsumerProducts","Main"
"5132.KL","DELEUM","TradingServices","Main"
"6505.KL","DELLOYD","IndustrialProducts","Main"
"8176.KL","DENKO","IndustrialProducts","Second"
"5177.KL","DFZ","TradingServices","Main"
"0037.KL","RGB","TradingServices","Main"
"7277.KL","DIALOG","TradingServices","Main"
"6947.KL","DIGI","Infrastructure","Main"
"0029.KL","DIGISTA","Technology","Mesdaq"
"5401.KL","DIJACOR","Properties","Main"
"0006.KL","DISCOMP","IndustrialProducts","Mesdaq"
"7528.KL","DKLS","Construction","Main"
"5908.KL","DKSH","TradingServices","Main"
"3026.KL","DLADY","ConsumerProducts","Main"
"7114.KL","DNONCE","IndustrialProducts","Second"
"2976.KL","WINGTM","ConsumerProducts","Main"
"5835.KL","DOLMITE","IndustrialProducts","Main"
"7169.KL","DOMINAN","IndustrialProducts","Main"
"7198.KL","DPS","ConsumerProducts","Main"
"1619.KL","DRBHCOM","IndustrialProducts","Main"
"0152.KL","DSCSOL","Unknown","Unknown"
"7233.KL","DUFU","IndustrialProducts","Main"
"3948.KL","DUTALND","Plantation","Main"
"0036.KL","DVM","Technology","Mesdaq"
"5074.KL","DXN","ConsumerProducts","Main"
"3417.KL","E&O","Properties","Main"
"0030.KL","EBWORX","Technology","Mesdaq"
"2143.KL","ECM","Finance","Main"
"3557.KL","ECOFIRS","TradingServices","Main"
"5162.KL","ECS","Unknown","Unknown"
"5036.KL","EDARAN","TradingServices","Main"
"7471.KL","EDEN","TradingServices","Second"
"0107.KL","EDUSPEC","Technology","Mesdaq"
"0064.KL","EFFICEN","TradingServices","Main"
"0065.KL","EFORCE","Technology","Mesdaq"
"0067.KL","EFUTURE","IndustrialProducts","Mesdaq"
"8907.KL","EG","IndustrialProducts","Second"
"5081.KL","EIG","TradingServices","Main"
"7189.KL","EKIB","IndustrialProducts","Second"
"8877.KL","EKOVEST","Construction","Main"
"5091.KL","EKOWOOD","ConsumerProducts","Main"
"9016.KL","EKSONS","IndustrialProducts","Main"
"0090.KL","ELSOFT","Technology","Mesdaq"
"7217.KL","EMETALL","IndustrialProducts","Main"
"9091.KL","EMICO","ConsumerProducts","Second"
"7125.KL","EMIVEST","ConsumerProducts","Main"
"6076.KL","ENCORP","Properties","Main"
"8826.KL","ENG","Technology","Main"
"7149.KL","ENGKAH","ConsumerProducts","Main"
"5056.KL","ENGTEX","TradingServices","Main"
"0080.KL","ENVAIR","TradingServices","Mesdaq"
"5266.KL","EONCAP","Finance","Main"
"8265.KL","EPIC","TradingServices","Main"
"7773.KL","EPMB","IndustrialProducts","Main"
"0081.KL","IDEAL","Technology","Mesdaq"
"1147.KL","GOB","Properties","Main"
"0100.KL","ESCERAM","IndustrialProducts","Mesdaq"
"3042.KL","PETRONM","IndustrialProducts","Main"
"0118.KL","ETITECH","Technology","Mesdaq"
"6815.KL","EUPE","Properties","Main"
"7208.KL","EURO","ConsumerProducts","Second"
"7094.KL","EUROSP","ConsumerProducts","Second"
"5101.KL","EVERGRN","IndustrialProducts","Main"
"7552.KL","EVERMAS","IndustrialProducts","Main"
"7249.KL","EWEIN","IndustrialProducts","Second"
"0119.KL","EXTOL","Technology","Mesdaq"
"3689.KL","F&N","ConsumerProducts","Main"
"1368.KL","FABER","TradingServices","Main"
"2984.KL","FACBIND","IndustrialProducts","Main"
"7047.KL","FAJAR","Construction","Second"
"5029.KL","FAREAST","Plantation","Main"
"6041.KL","FARLIM","Properties","Main"
"9776.KL","FARMBES","ConsumerProducts","Second"
"0066.KL","FASTRAK","Technology","Mesdaq"
"7229.KL","FAVCO","IndustrialProducts","Main"
"2097.KL","EASTLND","Properties","Main"
"2755.KL","FCW","IndustrialProducts","Main"
"8605.KL","FFHB","ConsumerProducts","Second"
"6939.KL","FIAMMA","TradingServices","Main"
"0149.KL","FIBON","Unknown","Unknown"
"3107.KL","FIMACOR","Properties","Main"
"9318.KL","FITTERS","TradingServices","Main"
"0109.KL","FLONIC","IndustrialProducts","Mesdaq"
"8206.KL","FOCAL","Properties","Main"
"0116.KL","FOCUS","Technology","Mesdaq"
"0071.KL","FONICS","Technology","Mesdaq"
"9172.KL","FPI","ConsumerProducts","Main"
"9008.KL","FRB","Technology","Second"
"7210.KL","FREIGHT","TradingServices","Main"
"0128.KL","FRONTKN","TradingServices","Mesdaq"
"9377.KL","FSBM","TradingServices","Second"
"7168.KL","FURNWEB","IndustrialProducts","Second"
"7161.KL","FUTUTEC","IndustrialProducts","Second"
"3255.KL","GAB","ConsumerProducts","Main"
"9261.KL","GADANG","Construction","Main"
"5398.KL","GAMUDA","Construction","Main"
"3611.KL","GBH","IndustrialProducts","Main"
"5592.KL","GCE","Hotels","Main"
"0078.KL","GDEX","TradingServices","Mesdaq"
"7086.KL","ABLEGRP","IndustrialProducts","Second"
"0104.KL","GENETEC","Technology","Mesdaq"
"4715.KL","GENM","TradingServices","Main"
"2291.KL","GENP","Plantation","Main"
"3182.KL","GENTING","TradingServices","Main"
"7197.KL","GESHEN","IndustrialProducts","Second"
"8281.KL","GFB","IndustrialProducts","Second"
"0021.KL","GHLSYS","Technology","Main"
"3204.KL","GKENT","TradingServices","Main"
"7382.KL","GLBHD","Plantation","Second"
"7242.KL","GLOBALC","TradingServices","Second"
"5020.KL","GLOMAC","Properties","Main"
"9962.KL","GMUTUAL","Properties","Main"
"2372.KL","GNEALY","Plantation","Main"
"0074.KL","GOCEAN","Technology","Mesdaq"
"5606.KL","GOLDIS","ConsumerProducts","Main"
"7105.KL","GOLSTA","TradingServices","Second"
"7192.KL","GOODWAY","IndustrialProducts","Second"
"2135.KL","GOPENG","IndustrialProducts","Main"
"7096.KL","GPA","IndustrialProducts","Second"
"0082.KL","GPACKET","Technology","Main"
"3263.KL","GPERAK","Hotels","Main"
"5649.KL","GPHAROS","ConsumerProducts","Main"
"2968.KL","GPLUS","Properties","Main"
"0045.KL","GPRO","Technology","Mesdaq"
"0056.KL","GRANFLO","Technology","Mesdaq"
"0136.KL","GREENYB","IndustrialProducts","Mesdaq"
"7077.KL","GSB","IndustrialProducts","Second"
"7022.KL","GTRONIC","Technology","Main"
"5102.KL","GCB","ConsumerProducts","Main"
"3247.KL","GUH","IndustrialProducts","Main"
"7676.KL","GUNUNG","IndustrialProducts","Second"
"1503.KL","GUOCO","Properties","Main"
"7668.KL","HAIO","TradingServices","Main"
"7110.KL","HAISAN","TradingServices","Second"
"5151.KL","HALEX","Unknown","Unknown"
"7253.KL","HANDAL","Unknown","Unknown"
"3034.KL","HAPSENG","TradingServices","Main"
"2062.KL","HARBOUR","TradingServices","Main"
"5008.KL","HARISON","TradingServices","Main"
"7501.KL","HARNLEN","Plantation","Second"
"5168.KL","HARTA","IndustrialProducts","Main"
"9342.KL","HARVEST","IndustrialProducts","Second"
"6688.KL","HDBS","Finance","Main"
"0139.KL","HDISPLY","Technology","Mesdaq"
"5121.KL","HEKTAR","Trusts","Main"
"7236.KL","HELP","TradingServices","Second"
"5095.KL","HEVEA","IndustrialProducts","Main"
"7455.KL","HEXAGON","TradingServices","Main"
"3298.KL","HEXZA","IndustrialProducts","Main"
"5072.KL","HIAPTEK","IndustrialProducts","Main"
"7033.KL","HIGHTEC","IndustrialProducts","Second"
"8443.KL","HIL","IndustrialProducts","Main"
"7722.KL","HINGYAP","ConsumerProducts","Second"
"9644.KL","HIRO","IndustrialProducts","Main"
"5819.KL","HLBANK","Finance","Main"
"5274.KL","HLCAP","Finance","Main"
"1082.KL","HLFG","Finance","Main"
"3301.KL","HLIND","ConsumerProducts","Main"
"7098.KL","HLSCORP","ConsumerProducts","Second"
"5169.KL","HOHUP","Construction","Main"
"5165.KL","HOKHENG","Unknown","Unknown"
"5160.KL","HOMERIZ","Unknown","Unknown"
"7010.KL","HOOVER","Construction","Second"
"7213.KL","HOVID","ConsumerProducts","Main"
"7919.KL","HPI","IndustrialProducts","Second"
"6238.KL","HSL","Construction","Main"
"5046.KL","HSLEONG","TradingServices","Main"
"5138.KL","HSPLANT","Plantation","Main"
"5028.KL","HTPADU","Technology","Main"
"2739.KL","HUAAN","IndustrialProducts","Main"
"7141.KL","HUATLAI","ConsumerProducts","Second"
"5062.KL","HUAYANG","Properties","Main"
"7013.KL","HUBLINE","TradingServices","Main"
"5018.KL","HUNZPTY","Properties","Main"
"5024.KL","HUPSENG","ConsumerProducts","Main"
"8478.KL","HWATAI","ConsumerProducts","Second"
"9601.KL","HWGB","IndustrialProducts","Main"
"5058.KL","HYTEXIN","ConsumerProducts","Main"
"4251.KL","IBHD","ConsumerProducts","Main"
"5084.KL","IBRACO","Properties","Main"
"5108.KL","ICAP","CloseEndFund","Main"
"0003.KL","IE","Technology","Mesdaq"
"0023.KL","IFCAMSC","Technology","Mesdaq"
"1597.KL","IGB","Properties","Main"
"3336.KL","IJM","Construction","Main"
"5215.KL","IJMLAND","Properties","Main"
"2216.KL","IJMPLNT","Plantation","Main"
"5614.KL","ILB","TradingServices","Main"
"7222.KL","IMASPRO","IndustrialProducts","Second"
"2607.KL","INCKEN","Plantation","Main"
"0024.KL","INFOTEC","Technology","Mesdaq"
"0034.KL","INGENS","Technology","Mesdaq"
"7112.KL","INGRESS","IndustrialProducts","Main"
"0094.KL","INIX","Technology","Mesdaq"
"0147.KL","INNITY","TradingServices","Mesdaq"
"6262.KL","INNO","IndustrialProducts","Main"
"3379.KL","INSAS","Finance","Main"
"0088.KL","INSBIO","Technology","Mesdaq"
"9555.KL","INTEGRA","TradingServices","Main"
"1961.KL","IOICORP","Plantation","Main"
"5673.KL","IPMUDA","TradingServices","Main"
"0069.KL","IPOWER","Technology","Mesdaq"
"5107.KL","IQGROUP","ConsumerProducts","Main"
"2127.KL","IRCB","IndustrialProducts","Main"
"8834.KL","IREKA","Construction","Main"
"7183.KL","IRETEX","IndustrialProducts","Second"
"0010.KL","IRIS","Technology","Mesdaq"
"7220.KL","IRMGRP","IndustrialProducts","Second"
"0131.KL","DGSB","Technology","Mesdaq"
"9393.KL","ITRONIC","Technology","Second"
"7223.KL","JADI","IndustrialProducts","Main"
"4723.KL","JAKS","Construction","Main"
"8648.KL","JASKITA","IndustrialProducts","Second"
"2747.KL","JAVA","IndustrialProducts","Main"
"7152.KL","JAYCORP","ConsumerProducts","Main"
"5161.KL","JCY","Unknown","Unknown"
"8931.KL","JERASIA","ConsumerProducts","Main"
"6394.KL","JERNEH","Finance","Main"
"9083.KL","JETSON","Construction","Second"
"0146.KL","JFTECH","Technology","Mesdaq"
"0127.KL","JHM","Technology","Mesdaq"
"7043.KL","JMR","IndustrialProducts","Second"
"0058.KL","JOBST","TradingServices","Main"
"3441.KL","JOHAN","TradingServices","Main"
"7167.KL","JOHOTIN","IndustrialProducts","Main"
"7104.KL","JOTECH","IndustrialProducts","Second"
"7092.KL","JPK","IndustrialProducts","Second"
"4383.KL","JTIASA","IndustrialProducts","Main"
"2615.KL","JTINTER","ConsumerProducts","Main"
"0111.KL","K1","Technology","Mesdaq"
"5096.KL","KAF","Finance","Main"
"8672.KL","KAMDAR","TradingServices","Main"
"0077.KL","KANNAL","TradingServices","Mesdaq"
"0054.KL","KARYON","IndustrialProducts","Mesdaq"
"6653.KL","KASSETS","Properties","Main"
"7216.KL","KAWAN","ConsumerProducts","Second"
"7182.KL","KBB","ConsumerProducts","Main"
"5079.KL","KBES","TradingServices","Main"
"3115.KL","KBUNAI","Properties","Main"
"7199.KL","KEINHIN","IndustrialProducts","Second"
"6769.KL","KELADI","Properties","Main"
"7323.KL","KEN","Construction","Main"
"6483.KL","KENANGA","Finance","Main"
"5122.KL","KENCANA","TradingServices","Main"
"7030.KL","KENMARK","ConsumerProducts","Main"
"9334.KL","KESM","Technology","Second"
"3565.KL","KEURO","Construction","Main"
"0143.KL","KEYASIC","TradingServices","Mesdaq"
"0095.KL","KEYWEST","TradingServices","Mesdaq"
"3492.KL","KFC","TradingServices","Main"
"6491.KL","KFIMA","TradingServices","Main"
"8303.KL","KFM","ConsumerProducts","Second"
"0151.KL","KGB","Unknown","Unknown"
"6203.KL","KHEESAN","ConsumerProducts","Main"
"7062.KL","KHIND","ConsumerProducts","Second"
"6246.KL","KHSB","Properties","Main"
"6211.KL","KIALIM","IndustrialProducts","Main"
"3522.KL","KIANJOO","IndustrialProducts","Main"
"5371.KL","KIMHIN","IndustrialProducts","Main"
"5060.KL","KINSTEL","IndustrialProducts","Main"
"9466.KL","KKB","IndustrialProducts","Main"
"5089.KL","KLCCP","Properties","Main"
"2445.KL","KLK","Plantation","Main"
"2453.KL","KLUANG","Plantation","Main"
"5027.KL","KMLOONG","Plantation","Main"
"7164.KL","KNM","IndustrialProducts","Main"
"5035.KL","KNUSFOR","TradingServices","Main"
"6971.KL","KOBAY","Technology","Main"
"7017.KL","KOMARK","IndustrialProducts","Second"
"6157.KL","KONSORT","TradingServices","Main"
"7153.KL","KOSSAN","IndustrialProducts","Main"
"0002.KL","KOTRA","ConsumerProducts","Main"
"5878.KL","KPJ","TradingServices","Main"
"7130.KL","KPOWER","IndustrialProducts","Second"
"5843.KL","KPS","TradingServices","Main"
"9121.KL","KPSCB","TradingServices","Second"
"1996.KL","KRETAM","Plantation","Main"
"3476.KL","KSENG","IndustrialProducts","Main"
"5038.KL","KSL","Properties","Main"
"4847.KL","KTB","TradingServices","Main"
"6874.KL","KUB","TradingServices","Main"
"2186.KL","KUCHAI","Mining","Main"
"2003.KL","KULIM","Plantation","Main"
"5097.KL","KSK","Finance","Main"
"5193.KL","KURNIA","Plantation","Main"
"6572.KL","KWANTAS","Plantation","Main"
"8362.KL","KYM","IndustrialProducts","Main"
"0110.KL","RA","Technology","Mesdaq"
"3174.KL","L&G","Properties","Main"
"1643.KL","LANDMRK","Hotels","Main"
"7064.KL","LATEXX","IndustrialProducts","Second"
"7006.KL","LATITUD","ConsumerProducts","Main"
"9385.KL","LAYHONG","ConsumerProducts","Second"
"9326.KL","LBALUM","IndustrialProducts","Main"
"8494.KL","LBICAP","IndustrialProducts","Second"
"5789.KL","LBS","Properties","Main"
"7943.KL","LCHEONG","ConsumerProducts","Second"
"7177.KL","LCL","TradingServices","Main"
"5092.KL","LCTH","IndustrialProducts","Main"
"9628.KL","LEBTECH","Construction","Second"
"4529.KL","LEADER","IndustrialProducts","Main"
"8079.KL","LEESK","IndustrialProducts","Second"
"8745.KL","LEWEKO","IndustrialProducts","Main"
"7170.KL","LFECORP","TradingServices","Second"
"4839.KL","LHH","ConsumerProducts","Main"
"3573.KL","LIENHOE","Properties","Main"
"7089.KL","LIIHEN","ConsumerProducts","Main"
"7194.KL","LIMAHSN","IndustrialProducts","Second"
"9504.KL","LINEAR","IndustrialProducts","Main"
"2011.KL","LINGUI","IndustrialProducts","Main"
"3581.KL","LIONCOR","IndustrialProducts","Main"
"2887.KL","LIONDIV","ConsumerProducts","Main"
"8486.KL","LIONFIB","TradingServices","Second"
"4235.KL","LIONIND","IndustrialProducts","Main"
"7118.KL","LIPO","IndustrialProducts","Second"
"6645.KL","LITRAK","Infrastructure","Main"
"9822.KL","SAM","Technology","Main"
"3794.KL","LMCEMNT","IndustrialProducts","Main"
"0025.KL","LNGRES","IndustrialProducts","Mesdaq"
"7706.KL","LOH&LOH","Construction","Main"
"7126.KL","LONBISC","ConsumerProducts","Main"
"8621.KL","LPI","Finance","Main"
"9881.KL","LSTEEL","IndustrialProducts","Main"
"7085.KL","LTKM","ConsumerProducts","Second"
"5068.KL","LUSTER","IndustrialProducts","Main"
"5143.KL","LUXCHEM","TradingServices","Main"
"9199.KL","LYSAGHT","IndustrialProducts","Second"
"8559.KL","M3NERGY","TradingServices","Main"
"0017.KL","M3TECH","Technology","Mesdaq"
"1198.KL","MAA","Finance","Main"
"7075.KL","MAEMODE","IndustrialProducts","Main"
"7617.KL","MAGNA","Construction","Second"
"7087.KL","MAGNI","IndustrialProducts","Main"
"9725.KL","MAHJAYA","Properties","Main"
"8583.KL","MAHSING","Properties","Main"
"3743.KL","MAICA","IndustrialProducts","Main"
"4936.KL","MALPAC","Plantation","Main"
"6181.KL","MALTON","Properties","Main"
"5282.KL","MAMEE","ConsumerProducts","Main"
"1058.KL","MANULFE","Finance","Main"
"3514.KL","MARCO","TradingServices","Main"
"3786.KL","MAS","TradingServices","Main"
"5098.KL","MASTEEL","IndustrialProducts","Main"
"7029.KL","MASTER","ConsumerProducts","Second"
"9733.KL","MAXBIZ","ConsumerProducts","Main"
"6012.KL","MAXIS","Unknown","Unknown"
"9202.KL","MAXTRAL","IndustrialProducts","Main"
"1155.KL","MAYBANK","Finance","Main"
"5077.KL","MAYBULK","TradingServices","Main"
"8095.KL","MAYPAK","IndustrialProducts","Second"
"1236.KL","MBFHLDG","Finance","Main"
"5152.KL","MBL","Unknown","Unknown"
"5983.KL","MBMR","TradingServices","Main"
"1171.KL","MBSB","Finance","Main"
"0013.KL","MCMTECH","Finance","Mesdaq"
"3875.KL","MEASAT","TradingServices","Main"
"3808.KL","MECHMAR","TradingServices","Main"
"5040.KL","MEDAINC","Properties","Main"
"4502.KL","MEDIA","TradingServices","Main"
"5090.KL","MEDIAC","TradingServices","Main"
"5129.KL","MELATI","Construction","Main"
"3778.KL","MELEWAR","IndustrialProducts","Main"
"0052.KL","MEMS","Technology","Mesdaq"
"1694.KL","MENANG","Properties","Main"
"5223.KL","MENTIGA","IndustrialProducts","Main"
"8192.KL","MERCURY","IndustrialProducts","Second"
"5006.KL","MERGE","Construction","Main"
"7234.KL","MESB","TradingServices","Second"
"7059.KL","METALR","IndustrialProducts","Second"
"9024.KL","METECH","IndustrialProducts","Second"
"6149.KL","METROD","IndustrialProducts","Main"
"6114.KL","MKH","Properties","Main"
"0075.KL","MEXTER","Technology","Mesdaq"
"3069.KL","MFCB","TradingServices","Main"
"3662.KL","MFLOUR","ConsumerProducts","Main"
"5026.KL","MHC","Plantation","Main"
"5033.KL","MHOUSE","Properties","Main"
"0126.KL","MICROLN","Technology","Mesdaq"
"5001.KL","MIECO","IndustrialProducts","Main"
"0112.KL","MIKROMB","Technology","Mesdaq"
"7935.KL","MILUX","ConsumerProducts","Second"
"7219.KL","MINETEC","TradingServices","Second"
"5576.KL","MINHO","IndustrialProducts","Main"
"7079.KL","TIGER","IndustrialProducts","Second"
"5886.KL","MINTYE","ConsumerProducts","Main"
"3816.KL","MISC","TradingServices","Main"
"8311.KL","MITHRIL","IndustrialProducts","Second"
"9571.KL","MITRA","Construction","Main"
"8141.KL","MJPERAK","Properties","Main"
"8893.KL","MKLAND","Properties","Main"
"0085.KL","MLAB","Technology","Mesdaq"
"2194.KL","MMCCORP","TradingServices","Main"
"7040.KL","MMM","TradingServices","Main"
"0059.KL","MMODE","TradingServices","Mesdaq"
"3824.KL","MMOSAIC","TradingServices","Main"
"0113.KL","MMSV","Technology","Mesdaq"
"0103.KL","MNC","Technology","Mesdaq"
"6459.KL","MNRB","Finance","Main"
"0042.KL","MOBIF","Technology","Mesdaq"
"6548.KL","MPCORP","Properties","Main"
"3859.KL","MPHB","TradingServices","Main"
"3867.KL","MPI","Technology","Main"
"0070.KL","MQTECH","IndustrialProducts","Mesdaq"
"1651.KL","MRCB","Construction","Main"
"5916.KL","MSC","IndustrialProducts","Main"
"5011.KL","MSNIAGA","Technology","Main"
"5150.KL","MSPORTS","Unknown","Unknown"
"9032.KL","MTD","TradingServices","Main"
"5924.KL","MTDACPI","Construction","Main"
"7781.KL","MTEAM","IndustrialProducts","Second"
"0092.KL","MTOUCHE","Technology","Mesdaq"
"0043.KL","MTRONIC","Technology","Main"
"3883.KL","MUDA","IndustrialProducts","Main"
"5085.KL","MUDAJYA","Construction","Main"
"9539.KL","MUH","IndustrialProducts","Second"
"5703.KL","MUHIBAH","Construction","Main"
"3891.KL","MUIIND","TradingServices","Main"
"3913.KL","MUIPROP","Properties","Main"
"3905.KL","MULPHA","TradingServices","Main"
"7889.KL","MULPHAL","Properties","Second"
"7004.KL","MULTICO","IndustrialProducts","Second"
"5043.KL","NADAYU","Properties","Main"
"1902.KL","PINEPAC","Plantation","Main"
"3921.KL","MWE","ConsumerProducts","Main"
"5087.KL","MYCRON","IndustrialProducts","Main"
"0138.KL","MYEG","TradingServices","Mesdaq"
"0108.KL","N2N","Technology","Mesdaq"
"8923.KL","NAGAMAS","TradingServices","Second"
"5073.KL","NAIM","Properties","Main"
"7002.KL","NAKA","ConsumerProducts","Second"
"4901.KL","NAMFATT","Construction","Main"
"5000.KL","NARRA","IndustrialProducts","Main"
"7237.KL","PWROOT","ConsumerProducts","Second"
"9806.KL","NATWIDE","TradingServices","Main"
"5509.KL","NCB","TradingServices","Main"
"4707.KL","NESTLE","ConsumerProducts","Main"
"0096.KL","NEXTNAT","Technology","Mesdaq"
"7927.KL","NGIUKEE","TradingServices","Second"
"7060.KL","NHFATT","ConsumerProducts","Main"
"4464.KL","NICORP","TradingServices","Main"
"7215.KL","NIHSIN","ConsumerProducts","Second"
"5017.KL","NIKKO","ConsumerProducts","Main"
"5339.KL","NILAI","Properties","Main"
"8508.KL","NOMAD","TradingServices","Main"
"0083.KL","NOTION","Technology","Main"
"0026.KL","NOVAMSC","Technology","Mesdaq"
"5047.KL","NPC","Plantation","Main"
"2038.KL","NSOP","Plantation","Main"
"3999.KL","NSTP","TradingServices","Main"
"5066.KL","NTPM","ConsumerProducts","Main"
"5021.KL","AYS","TradingServices","Main"
"5025.KL","NWP","IndustrialProducts","Main"
"4944.KL","NYLEX","IndustrialProducts","Main"
"5533.KL","OCB","TradingServices","Main"
"7049.KL","OCI","IndustrialProducts","Second"
"0049.KL","OCNCASH","IndustrialProducts","Mesdaq"
"7109.KL","OCTAGON","IndustrialProducts","Main"
"7107.KL","OFI","ConsumerProducts","Main"
"5128.KL","OGAWA","TradingServices","Main"
"5827.KL","OIB","Properties","Main"
"3697.KL","OILCORP","TradingServices","Main"
"7140.KL","OKA","IndustrialProducts","Main"
"3018.KL","OLYMPIA","TradingServices","Main"
"0018.KL","OMEDIA","Technology","Mesdaq"
"0035.KL","OPCOM","IndustrialProducts","Mesdaq"
"0040.KL","OPENSYS","Technology","Mesdaq"
"4006.KL","ORIENT","ConsumerProducts","Main"
"5065.KL","ORNA","IndustrialProducts","Main"
"5053.KL","OSK","Finance","Main"
"6661.KL","OSKPROP","Properties","Main"
"0053.KL","OSKVI","Finance","Mesdaq"
"0153.KL","OVERSEA","Unknown","Unknown"
"6009.KL","P&O","Finance","Main"
"7225.KL","PA","IndustrialProducts","Main"
"4782.KL","PACMAS","Finance","Main"
"7052.KL","PADINI","ConsumerProducts","Main"
"9954.KL","PAHANCO","IndustrialProducts","Second"
"0005.KL","PALETTE","Technology","Mesdaq"
"3719.KL","PANAMY","ConsumerProducts","Main"
"5125.KL","PANTECH","TradingServices","Main"
"5022.KL","PAOS","IndustrialProducts","Main"
"9407.KL","PARAGON","ConsumerProducts","Second"
"1724.KL","PARAMON","Properties","Main"
"5657.KL","PARKSON","TradingServices","Main"
"6912.KL","PASDEC","Properties","Main"
"7042.KL","PATIMAS","Technology","Main"
"5041.KL","PBA","TradingServices","Main"
"1295.KL","PBBANK","Finance","Main"
"6068.KL","PCCS","ConsumerProducts","Main"
"6254.KL","PDZ","TradingServices","Main"
"5231.KL","PELIKAN","ConsumerProducts","Main"
"5133.KL","PENERGY","TradingServices","Main"
"9997.KL","PENSONI","IndustrialProducts","Second"
"7160.KL","PENTA","Technology","Main"
"0047.KL","PERISAI","IndustrialProducts","Mesdaq"
"7080.KL","PERMAJU","IndustrialProducts","Second"
"5436.KL","PERSTIM","IndustrialProducts","Main"
"5146.KL","PERWAJA","IndustrialProducts","Main"
"5681.KL","PETDAG","TradingServices","Main"
"6033.KL","PETGAS","IndustrialProducts","Main"
"7108.KL","PERDANA","TradingServices","Main"
"7081.KL","PHARMA","TradingServices","Main"
"7201.KL","PICORP","TradingServices","Main"
"7095.KL","PIE","IndustrialProducts","Main"
"7163.KL","PJBUMI","IndustrialProducts","Second"
"1945.KL","PJDEV","Properties","Main"
"7122.KL","PJI","TradingServices","Main"
"7055.KL","PLB","Construction","Main"
"5075.KL","PLENITU","Properties","Main"
"9695.KL","PLS","Plantation","Second"
"5052.KL","PLUS","TradingServices","Main"
"7172.KL","PMBTECH","IndustrialProducts","Second"
"4871.KL","PMCAP","Finance","Main"
"4081.KL","PMCORP","IndustrialProducts","Main"
"8869.KL","PMETAL","IndustrialProducts","Main"
"1287.KL","PMHLDG","Finance","Main"
"4103.KL","PMIND","TradingServices","Main"
"6637.KL","PNEPCB","IndustrialProducts","Main"
"5080.KL","POHKONG","ConsumerProducts","Main"
"7088.KL","POHUAT","ConsumerProducts","Main"
"8117.KL","POLY","IndustrialProducts","Second"
"7175.KL","POLYTWR","IndustrialProducts","Main"
"4634.KL","POS","TradingServices","Main"
"4065.KL","PPB","ConsumerProducts","Main"
"5117.KL","PPEDANA","Construction","Main"
"7190.KL","PPG","IndustrialProducts","Second"
"8273.KL","PPHB","IndustrialProducts","Second"
"8613.KL","PRDUREN","Properties","Main"
"9458.KL","PREMIER","IndustrialProducts","Second"
"9873.KL","PRESTAR","IndustrialProducts","Main"
"0123.KL","PRIVA","Technology","Mesdaq"
"8346.KL","PRKCORP","TradingServices","Main"
"8966.KL","PRLEXUS","ConsumerProducts","Second"
"5304.KL","PROTON","ConsumerProducts","Main"
"5070.KL","PRTASCO","Construction","Main"
"7145.KL","PSIPTEK","Construction","Main"
"5059.KL","PSPRING","TradingServices","Main"
"9598.KL","PTARAS","Construction","Main"
"0038.KL","PTB","IndustrialProducts","Mesdaq"
"2208.KL","PTGTIN","Properties","Main"
"0007.KL","PUC","Technology","Mesdaq"
"6807.KL","PUNCAK","Infrastructure","Main"
"7134.KL","PW","ConsumerProducts","Main"
"8419.KL","PANSAR","Plantation","Second"
"7123.KL","PWORTH","IndustrialProducts","Main"
"5123.KL","QCAPITA","Trusts","Main"
"7084.KL","QL","ConsumerProducts","Main"
"9415.KL","QSR","TradingServices","Main"
"7544.KL","QUALITY","IndustrialProducts","Second"
"7498.KL","RALCO","IndustrialProducts","Second"
"7206.KL","THHEAVY","TradingServices","Second"
"5030.KL","RANHILL","Construction","Main"
"7765.KL","RAPID","IndustrialProducts","Second"
"9296.KL","RCECAP","TradingServices","Main"
"8087.KL","RCI","IndustrialProducts","Second"
"0032.KL","REDTONE","TradingServices","Mesdaq"
"7232.KL","RESINTC","IndustrialProducts","Second"
"9946.KL","REX","ConsumerProducts","Second"
"0106.KL","REXIT","Technology","Mesdaq"
"1066.KL","RHBCAP","Finance","Main"
"7032.KL","RHYTHM","TradingServices","Second"
"8885.KL","RPB","TradingServices","Main"
"5113.KL","RSAWIT","Plantation","Main"
"7803.KL","RUBEREX","IndustrialProducts","Main"
"2542.KL","RVIEW","Plantation","Main"
"9652.KL","SAAG","TradingServices","Main"
"5134.KL","SAB","IndustrialProducts","Main"
"8567.KL","SALCON","TradingServices","Main"
"5147.KL","SAMCHEM","Unknown","Unknown"
"7185.KL","SAMUDRA","TradingServices","Second"
"9113.KL","SANBUMI","IndustrialProducts","Main"
"0133.KL","SANICHI","IndustrialProducts","Mesdaq"
"8575.KL","SAPCRES","TradingServices","Main"
"7811.KL","SAPIND","IndustrialProducts","Main"
"4596.KL","SAPRES","Properties","Main"
"7212.KL","DESTINI","TradingServices","Second"
"2569.KL","SBAGAN","Plantation","Main"
"5207.KL","SBCCORP","Construction","Main"
"7247.KL","SCGM","IndustrialProducts","Second"
"9237.KL","SCIB","IndustrialProducts","Second"
"0099.KL","SCICOM","TradingServices","Mesdaq"
"4731.KL","SCIENTX","IndustrialProducts","Main"
"0135.KL","SCN","Technology","Mesdaq"
"7239.KL","SCNWOLF","IndustrialProducts","Second"
"7158.KL","SCOMI","IndustrialProducts","Main"
"7366.KL","SCOMIEN","IndustrialProducts","Second"
"7045.KL","SCOMIMR","TradingServices","Main"
"0001.KL","SCOMNET","IndustrialProducts","Mesdaq"
"0028.KL","SCOPE","IndustrialProducts","Mesdaq"
"2224.KL","SDRED","Properties","Main"
"7073.KL","SEACERA","IndustrialProducts","Second"
"4286.KL","SEAL","IndustrialProducts","Main"
"5145.KL","SEALINK","IndustrialProducts","Main"
"7053.KL","SEEHUP","TradingServices","Second"
"9792.KL","SEG","TradingServices","Main"
"7641.KL","SELOGA","Construction","Second"
"7180.KL","SERNKOU","ConsumerProducts","Main"
"0055.KL","SERSOL","IndustrialProducts","Mesdaq"
"5517.KL","SHANG","Hotels","Main"
"4316.KL","SHCHAN","ConsumerProducts","Main"
"4324.KL","SHELL","IndustrialProducts","Main"
"7412.KL","SHH","ConsumerProducts","Second"
"6017.KL","SHL","Properties","Main"
"7246.KL","SIGN","ConsumerProducts","Second"
"5078.KL","SILKHLD","Infrastructure","Main"
"7136.KL","SILVER","ConsumerProducts","Main"
"4197.KL","SIME","TradingServices","Main"
"5157.KL","SINARIA","Unknown","Unknown"
"6106.KL","SINDORA","IndustrialProducts","Main"
"8532.KL","SINOTOP","ConsumerProducts","Main"
"4359.KL","TURIYA","IndustrialProducts","Main"
"9431.KL","SJC","TradingServices","Second"
"7115.KL","SKBSHUT","IndustrialProducts","Second"
"7155.KL","SKPRES","IndustrialProducts","Main"
"8699.KL","SKW","IndustrialProducts","Second"
"7248.KL","SLP","IndustrialProducts","Second"
"4375.KL","SMI","Properties","Main"
"7132.KL","SMISCOR","IndustrialProducts","Second"
"7099.KL","SMPC","IndustrialProducts","Second"
"0117.KL","SMRTECH","Technology","Mesdaq"
"0093.KL","SOLUTN","Technology","Mesdaq"
"5126.KL","SOP","Plantation","Main"
"1783.KL","SPB","Properties","Main"
"1813.KL","SPK","Construction","Main"
"7103.KL","SPRITZR","ConsumerProducts","Second"
"8664.KL","SPSETIA","Properties","Main"
"0129.KL","SRIDGE","Technology","Mesdaq"
"5665.KL","SSTEEL","IndustrialProducts","Main"
"9563.KL","STAMCOL","TradingServices","Second"
"6084.KL","STAR","TradingServices","Main"
"5109.KL","STAREIT","Trusts","Main"
"0137.KL","STEMLFE","TradingServices","Mesdaq"
"7143.KL","STONE","IndustrialProducts","Second"
"6904.KL","SUBUR","IndustrialProducts","Main"
"7207.KL","SUCCESS","IndustrialProducts","Main"
"9865.KL","SUIWAH","TradingServices","Main"
"1201.KL","SUMATEC","TradingServices","Main"
"6289.KL","SUNCITY","Properties","Main"
"7358.KL","SUNCRN","IndustrialProducts","Second"
"6165.KL","SUNRISE","Properties","Main"
"4308.KL","SUNWAY","Construction","Main"
"0148.KL","SUNZEN","TradingServices","Mesdaq"
"8656.KL","SUPER","IndustrialProducts","Second"
"7235.KL","SUPERLN","IndustrialProducts","Second"
"7106.KL","SUPERMX","IndustrialProducts","Main"
"7131.KL","SUPPORT","IndustrialProducts","Main"
"6521.KL","SURIA","TradingServices","Main"
"5119.KL","SWEEJOO","TradingServices","Main"
"5135.KL","SWKPLNT","Plantation","Main"
"9717.KL","SYCAL","Construction","Second"
"7082.KL","SYF","ConsumerProducts","Second"
"0016.KL","SYMPHNY","TradingServices","Main"
"4898.KL","TA","Finance","Main"
"5012.KL","TAANN","IndustrialProducts","Main"
"7211.KL","TAFI","ConsumerProducts","Second"
"5158.KL","TAGB","Unknown","Unknown"
"2305.KL","TAHPS","Properties","Main"
"6139.KL","TAKAFUL","Finance","Main"
"7071.KL","TAKASO","ConsumerProducts","Second"
"2259.KL","TRINITY","Properties","Main"
"8524.KL","TALIWRK","TradingServices","Main"
"9474.KL","BRAHIMS","TradingServices","Second"
"2429.KL","TANCO","Properties","Main"
"2267.KL","TANJONG","TradingServices","Main"
"5149.KL","TAS","Unknown","Unknown"
"5140.KL","TASCO","TradingServices","Main"
"4448.KL","TASEK","IndustrialProducts","Main"
"7097.KL","TAWIN","IndustrialProducts","Second"
"4405.KL","TCHONG","ConsumerProducts","Main"
"0062.KL","TCUBES","Technology","Mesdaq"
"0132.KL","TDEX","Technology","Mesdaq"
"2054.KL","TDM","Plantation","Main"
"1589.KL","TEBRAU","Properties","Main"
"0084.KL","TECFAST","IndustrialProducts","Mesdaq"
"7439.KL","TECGUAN","ConsumerProducts","Second"
"9741.KL","TECNIC","IndustrialProducts","Second"
"0140.KL","UTOPIA","Technology","Mesdaq"
"6378.KL","TEKALA","IndustrialProducts","Main"
"7200.KL","TEKSENG","ConsumerProducts","Main"
"5347.KL","TENAGA","TradingServices","Main"
"7252.KL","TEOSENG","ConsumerProducts","Second"
"8702.KL","TEXCHEM","TradingServices","Main"
"0089.KL","TEXCYCL","TradingServices","Mesdaq"
"0145.KL","TFP","TradingServices","Mesdaq"
"9369.KL","TGL","ConsumerProducts","Second"
"7228.KL","TGOFFS","TradingServices","Main"
"7034.KL","TGUAN","IndustrialProducts","Main"
"9075.KL","THETA","Technology","Main"
"5112.KL","THPLANT","Plantation","Main"
"7374.KL","TIENWAH","IndustrialProducts","Main"
"4456.KL","TIME","TradingServices","Main"
"5031.KL","TIMECOM","Infrastructure","Main"
"7854.KL","TIMWELL","IndustrialProducts","Second"
"5103.KL","TITAN","IndustrialProducts","Main"
"4863.KL","TM","TradingServices","Main"
"0101.KL","TMCLIFE","TradingServices","Mesdaq"
"0060.KL","TMS","Technology","Mesdaq"
"8397.KL","TNLOGIS","TradingServices","Main"
"7218.KL","TOCEAN","TradingServices","Second"
"7230.KL","TOMEI","ConsumerProducts","Main"
"7285.KL","TOMYPAK","IndustrialProducts","Second"
"5010.KL","TONGHER","IndustrialProducts","Main"
"7113.KL","TOPGLOV","IndustrialProducts","Main"
"7173.KL","TOYOINK","IndustrialProducts","Second"
"7176.KL","TPC","ConsumerProducts","Second"
"7147.KL","TRACOMA","IndustrialProducts","Second"
"7000.KL","TRANMIL","TradingServices","Main"
"5054.KL","TRC","Construction","Main"
"5622.KL","TRIPLC","Properties","Main"
"9911.KL","TRIUMPL","TradingServices","Main"
"9059.KL","TSH","Plantation","Main"
"8842.KL","TSM","TradingServices","Second"
"5042.KL","TSRCAP","Construction","Main"
"5711.KL","TSTORE","TradingServices","Main"
"5167.KL","TURBO","Unknown","Unknown"
"5111.KL","TWRREIT","Trusts","Main"
"4421.KL","TWS","ConsumerProducts","Main"
"4804.KL","TWSCORP","TradingServices","Main"
"6327.KL","TWSPLNT","Plantation","Main"
"4537.KL","UAC","IndustrialProducts","Main"
"9687.KL","UBB","IndustrialProducts","Second"
"6831.KL","UBG","Finance","Main"
"7100.KL","UCHITEC","IndustrialProducts","Main"
"7186.KL","SWSCAP","IndustrialProducts","Second"
"5148.KL","UEMLAND","Unknown","Unknown"
"7127.KL","UKB","IndustrialProducts","Second"
"7133.KL","ULICORP","IndustrialProducts","Main"
"2593.KL","UMCCA","Plantation","Main"
"4561.KL","UMLAND","Properties","Main"
"7137.KL","UMS","TradingServices","Second"
"7227.KL","UMSNGB","IndustrialProducts","Second"
"4588.KL","UMW","ConsumerProducts","Main"
"5019.KL","UNICO","Plantation","Main"
"7091.KL","UNIMECH","TradingServices","Main"
"5005.KL","UNISEM","Technology","Main"
"5110.KL","UOAREIT","Trusts","Main"
"7757.KL","UPA","ConsumerProducts","Main"
"2089.KL","UTDPLT","Plantation","Main"
"5754.KL","UTUSAN","TradingServices","Main"
"7250.KL","UZMA","TradingServices","Second"
"7251.KL","VASTALX","TradingServices","Second"
"4995.KL","VERSATL","IndustrialProducts","Main"
"7595.KL","VINTAGE","IndustrialProducts","Second"
"0120.KL","VIS","Technology","Mesdaq"
"0097.KL","VITROX","Technology","Mesdaq"
"0050.KL","SYSTECH","Technology","Mesdaq"
"7240.KL","VOIR","TradingServices","Second"
"6963.KL","VS","IndustrialProducts","Main"
"7203.KL","WANGZNG","ConsumerProducts","Second"
"5016.KL","WARISAN","TradingServices","Main"
"5142.KL","WASEONG","IndustrialProducts","Main"
"7226.KL","WATTA","IndustrialProducts","Second"
"9679.KL","WCT","Construction","Main"
"7111.KL","WEIDA","IndustrialProducts","Main"
"7231.KL","WELLCAL","IndustrialProducts","Main"
"7692.KL","WIDETEC","ConsumerProducts","Second"
"4022.KL","TADMAX","IndustrialProducts","Main"
"0008.KL","WILLOW","Technology","Mesdaq"
"0141.KL","WINSUN","Technology","Mesdaq"
"7050.KL","WONG","IndustrialProducts","Second"
"7025.KL","WOODLAN","IndustrialProducts","Second"
"5009.KL","WTHORSE","IndustrialProducts","Main"
"4243.KL","WTK","IndustrialProducts","Main"
"7587.KL","WWCABLE","IndustrialProducts","Second"
"7039.KL","WWE","TradingServices","Second"
"8818.KL","WWTKH","IndustrialProducts","Second"
"7245.KL","WZSTEEL","IndustrialProducts","Second"
"5156.KL","XDL","Unknown","Unknown"
"7121.KL","XIANLNG","ConsumerProducts","Main"
"5155.KL","XINQUAN","Unknown","Unknown"
"7003.KL","Y&G","Properties","Second"
"7196.KL","YAHORNG","IndustrialProducts","Second"
"5584.KL","YEELEE","ConsumerProducts","Main"
"7184.KL","YEN","ConsumerProducts","Main"
"0086.KL","YGL","Technology","Mesdaq"
"4642.KL","YHS","ConsumerProducts","Main"
"7139.KL","NICE","ConsumerProducts","Second"
"5048.KL","YILAI","IndustrialProducts","Main"
"7293.KL","YINSON","TradingServices","Main"
"7014.KL","YLI","IndustrialProducts","Main"
"3158.KL","YNHPROP","Properties","Main"
"5159.KL","YOCB","Unknown","Unknown"
"9849.KL","YOKO","IndustrialProducts","Second"
"7066.KL","YONGTAI","ConsumerProducts","Second"
"7178.KL","YSPSAH","ConsumerProducts","Main"
"4677.KL","YTL","Construction","Main"
"8737.KL","YTLCMT","IndustrialProducts","Main"
"0009.KL","YTLE","Technology","Mesdaq"
"2577.KL","YTLLAND","Properties","Main"
"6742.KL","YTLPOWR","Infrastructure","Main"
"7020.KL","YUNKONG","IndustrialProducts","Main"
"7028.KL","ZECON","Construction","Second"
"2283.KL","ZELAN","Construction","Main"
"5131.KL","ZHULIAN","ConsumerProducts","Main"
"4073.KL","PILECON","Construction","Main"
"5452.KL","PRIME","Properties","Main"
"2356.KL","SARAWAK","TradingServices","Main"
"8257.KL","TENGARA","IndustrialProducts","Main"
"5166.KL","MEGB","Unknown","Unknown"
"5163.KL","SEB","Unknown","Unknown"
"5170.KL","SCABLE","Unknown","Unknown"
"5172.KL","KSTAR","Unknown","Unknown"
"5173.KL","SYSCORP","Unknown","Unknown"
"5171.KL","KIMLUN","Unknown","Unknown"
"5176.KL","SUNREIT","Unknown","Unknown"
"5180.KL","CMMT","Unknown","Unknown"
"0154.KL","EAH","Unknown","Unknown"
"5178.KL","TATGIAP","Unknown","Unknown"
"5175.KL","IVORY","Unknown","Unknown"
"0158.KL","SCC","Unknown","Unknown"
"5181.KL","SIGGAS","Unknown","Unknown"
"5179.KL","BJRTAIL","Unknown","Unknown"
"0157.KL","FOCUSP","Unknown","Unknown"
"0155.KL","MGRC","Unknown","Unknown"
"0156.KL","MPAY","Unknown","Unknown"
"0159.KL","AMEDIA","Unknown","Unknown"
"0163.KL","CAREPLS","Unknown","Unknown"
"0169.KL","SMARTAG","Unknown","Unknown"
"5182.KL","GWPLAST","Unknown","Unknown"
"5183.KL","PCHEM","Unknown","Unknown"
"5184.KL","CYPARK","Unknown","Unknown"
"5186.KL","MHB","Unknown","Unknown"
"5187.KL","HBGLOB","Unknown","Unknown"
"5188.KL","CNOUHUA","Unknown","Unknown"
"5189.KL","MAXWELL","Unknown","Unknown"
"5190.KL","BENALEC","Unknown","Unknown"
"5191.KL","TAMBUN","Unknown","Unknown"
"5192.KL","KSSC","Unknown","Unknown"
"5194.KL","APFT","Unknown","Unknown"
"5195.KL","CENSOF","Unknown","Unknown"
"5196.KL","BJFOOD","Unknown","Unknown"
"5197.KL","FLBHD","Unknown","Unknown"
"0162.KL","IJACOBS","Unknown","Unknown"
"0167.KL","MCLEAN","Unknown","Unknown"
"0168.KL","BOILERM","Unknown","Unknown"
"7054.KL","AASIA","Plantation","Main"
"5200.KL","UOADEV","Unknown","Unknown"
"0165.KL","XOX","Unknown","Unknown"
"5202.KL","MSM","Unknown","Unknown"
"5205.KL","SENDAI","Unknown","Unknown"
"5204.KL","PRESBHD","Unknown","Unknown"
"5201.KL","OLDTOWN","Unknown","Unknown"
"0166.KL","INARI","Unknown","Unknown"
"5210.KL","ARMADA","Unknown","Unknown"
"0173.KL","CATCHA","Unknown","Unknown"
"5199.KL","HIBISCS","Unknown","Unknown"
"0171.KL","PLABS","Unknown","Unknown"
"5211.KL","SUNWAY","Unknown","Unknown"
"0174.KL","IDMENSN","Unknown","Unknown"
"5212.KL","PAVREIT","Unknown","Unknown"
"5213.KL","SNTORIA","Unknown","Unknown"
"5214.KL","CSL","Unknown","Unknown"
"5208.KL","EITA","Unknown","Unknown"
"5218.KL","SKPETRO","Unknown","Unknown"
"5219.KL","PESTECH","Unknown","Unknown"
"5220.KL","GLOTEC","Unknown","Unknown"
"5209.KL","GASMSIA","Unknown","Unknown"
"5222.KL","FGV","Unknown","Unknown"
"0172.KL","OCK","Unknown","Unknown"
"5225.KL","IHH","Unknown","Unknown"
"5226.KL","GBGAQRS","Unknown","Unknown"
"0177.KL","PASUKGB","Unknown","Unknown"
"5216.KL","DSONIC","Unknown","Unknown"
"5227.KL","IGB REAL ESTATE INV TRUST","Unknown","Unknown"
